"chave","Cidade","UF","lat","lon","Mes","Predito","Limite.Inferior","Limite.Superior","codigo","nome_mes"
"AGUA BRANCA - AL","AGUA BRANCA "," AL",-9.26472222,-37.93805555,12,37.02,34.8,39.63,"2700102","Dez"
"AGUA BRANCA - AL","AGUA BRANCA "," AL",-9.26472222,-37.93805555,11,30.42,27.86,32.7,"2700102","Nov"
"AGUA BRANCA - AL","AGUA BRANCA "," AL",-9.26472222,-37.93805555,10,28.83,26.93,30.89,"2700102","Out"
"AGUA BRANCA - AL","AGUA BRANCA "," AL",-9.26472222,-37.93805555,9,32.94,30.99,35.61,"2700102","Set"
"AGUA BRANCA - AL","AGUA BRANCA "," AL",-9.26472222,-37.93805555,8,42.01,37.5,45.9,"2700102","Ago"
"AGUA BRANCA - AL","AGUA BRANCA "," AL",-9.26472222,-37.93805555,7,54.02,46.46,58.85,"2700102","Jul"
"AGUA BRANCA - AL","AGUA BRANCA "," AL",-9.26472222,-37.93805555,6,65.46,56.26,71.56,"2700102","Jun"
"AGUA BRANCA - AL","AGUA BRANCA "," AL",-9.26472222,-37.93805555,5,72.39,63.31,80.13,"2700102","Mai"
"AGUA BRANCA - AL","AGUA BRANCA "," AL",-9.26472222,-37.93805555,4,73.34,65.23,81.57,"2700102","Abr"
"AGUA BRANCA - AL","AGUA BRANCA "," AL",-9.26472222,-37.93805555,3,68.28,62,75.43,"2700102","Mar"
"AGUA BRANCA - AL","AGUA BRANCA "," AL",-9.26472222,-37.93805555,2,58.58,54.38,64.1,"2700102","Fev"
"AGUA BRANCA - AL","AGUA BRANCA "," AL",-9.26472222,-37.93805555,1,47.11,44.35,51.08,"2700102","Jan"
"ALAGOINHAS - BA","ALAGOINHAS "," BA",-12.1486111,-38.42527777,12,51.5,44.81,56.19,"2900702","Dez"
"ALAGOINHAS - BA","ALAGOINHAS "," BA",-12.1486111,-38.42527777,11,45.2,39.98,49.54,"2900702","Nov"
"ALAGOINHAS - BA","ALAGOINHAS "," BA",-12.1486111,-38.42527777,10,39.08,35.39,42.98,"2900702","Out"
"ALAGOINHAS - BA","ALAGOINHAS "," BA",-12.1486111,-38.42527777,9,35.69,32.27,39.92,"2900702","Set"
"ALAGOINHAS - BA","ALAGOINHAS "," BA",-12.1486111,-38.42527777,8,36.3,32.25,40.79,"2900702","Ago"
"ALAGOINHAS - BA","ALAGOINHAS "," BA",-12.1486111,-38.42527777,7,41.3,36.67,45.15,"2900702","Jul"
"ALAGOINHAS - BA","ALAGOINHAS "," BA",-12.1486111,-38.42527777,6,48.58,43.94,52.23,"2900702","Jun"
"ALAGOINHAS - BA","ALAGOINHAS "," BA",-12.1486111,-38.42527777,5,56.33,49.23,58.91,"2900702","Mai"
"ALAGOINHAS - BA","ALAGOINHAS "," BA",-12.1486111,-38.42527777,4,61.57,52.35,64.48,"2900702","Abr"
"ALAGOINHAS - BA","ALAGOINHAS "," BA",-12.1486111,-38.42527777,3,63.16,52.73,66.85,"2900702","Mar"
"ALAGOINHAS - BA","ALAGOINHAS "," BA",-12.1486111,-38.42527777,2,61.13,51.07,65.37,"2900702","Fev"
"ALAGOINHAS - BA","ALAGOINHAS "," BA",-12.1486111,-38.42527777,1,56.96,48.39,61.74,"2900702","Jan"
"ALTO PARNAIBA - MA","ALTO PARNAIBA "," MA",-9.10833333,-45.9486111,12,88.91,80.62,93.86,"2100501","Dez"
"ALTO PARNAIBA - MA","ALTO PARNAIBA "," MA",-9.10833333,-45.9486111,11,74.58,68.52,78.49,"2100501","Nov"
"ALTO PARNAIBA - MA","ALTO PARNAIBA "," MA",-9.10833333,-45.9486111,10,55.66,51.96,58.42,"2100501","Out"
"ALTO PARNAIBA - MA","ALTO PARNAIBA "," MA",-9.10833333,-45.9486111,9,37.08,34.26,39.53,"2100501","Set"
"ALTO PARNAIBA - MA","ALTO PARNAIBA "," MA",-9.10833333,-45.9486111,8,23.17,20.53,25.56,"2100501","Ago"
"ALTO PARNAIBA - MA","ALTO PARNAIBA "," MA",-9.10833333,-45.9486111,7,16.94,14.28,20.1,"2100501","Jul"
"ALTO PARNAIBA - MA","ALTO PARNAIBA "," MA",-9.10833333,-45.9486111,6,20.93,18.09,24.53,"2100501","Jun"
"ALTO PARNAIBA - MA","ALTO PARNAIBA "," MA",-9.10833333,-45.9486111,5,34.41,31.82,37.97,"2100501","Mai"
"ALTO PARNAIBA - MA","ALTO PARNAIBA "," MA",-9.10833333,-45.9486111,4,53.72,51.1,56.71,"2100501","Abr"
"ALTO PARNAIBA - MA","ALTO PARNAIBA "," MA",-9.10833333,-45.9486111,3,73.76,69.14,78.49,"2100501","Mar"
"ALTO PARNAIBA - MA","ALTO PARNAIBA "," MA",-9.10833333,-45.9486111,2,88.55,81.29,94.55,"2100501","Fev"
"ALTO PARNAIBA - MA","ALTO PARNAIBA "," MA",-9.10833333,-45.9486111,1,94.44,85.35,100.02,"2100501","Jan"
"APODI - RN","APODI "," RN",-5.62666666,-37.815,12,48.33,46.15,51.36,"2401008","Dez"
"APODI - RN","APODI "," RN",-5.62666666,-37.815,11,35.05,32.37,37.22,"2401008","Nov"
"APODI - RN","APODI "," RN",-5.62666666,-37.815,10,25.69,22.27,27.63,"2401008","Out"
"APODI - RN","APODI "," RN",-5.62666666,-37.815,9,18.72,15.55,21.38,"2401008","Set"
"APODI - RN","APODI "," RN",-5.62666666,-37.815,8,17.68,14.41,20.7,"2401008","Ago"
"APODI - RN","APODI "," RN",-5.62666666,-37.815,7,24.65,21.84,28.03,"2401008","Jul"
"APODI - RN","APODI "," RN",-5.62666666,-37.815,6,39.37,36.04,42.97,"2401008","Jun"
"APODI - RN","APODI "," RN",-5.62666666,-37.815,5,57.48,53.7,62.13,"2401008","Mai"
"APODI - RN","APODI "," RN",-5.62666666,-37.815,4,73.6,68.41,78.44,"2401008","Abr"
"APODI - RN","APODI "," RN",-5.62666666,-37.815,3,80.98,76.17,86.02,"2401008","Mar"
"APODI - RN","APODI "," RN",-5.62666666,-37.815,2,78.04,73.51,82.78,"2401008","Fev"
"APODI - RN","APODI "," RN",-5.62666666,-37.815,1,65.33,61.64,69.1,"2401008","Jan"
"ARACAJU - SE","ARACAJU "," SE",-10.9525,-37.05444444,12,39.65,36.85,43.55,"2800308","Dez"
"ARACAJU - SE","ARACAJU "," SE",-10.9525,-37.05444444,11,35.21,31.98,37.94,"2800308","Nov"
"ARACAJU - SE","ARACAJU "," SE",-10.9525,-37.05444444,10,35.95,31.95,38.8,"2800308","Out"
"ARACAJU - SE","ARACAJU "," SE",-10.9525,-37.05444444,9,41.86,38.12,46.13,"2800308","Set"
"ARACAJU - SE","ARACAJU "," SE",-10.9525,-37.05444444,8,51.72,48.52,57.22,"2800308","Ago"
"ARACAJU - SE","ARACAJU "," SE",-10.9525,-37.05444444,7,62.94,59.23,68.2,"2800308","Jul"
"ARACAJU - SE","ARACAJU "," SE",-10.9525,-37.05444444,6,72.28,68.07,77.58,"2800308","Jun"
"ARACAJU - SE","ARACAJU "," SE",-10.9525,-37.05444444,5,77.38,72.91,82.95,"2800308","Mai"
"ARACAJU - SE","ARACAJU "," SE",-10.9525,-37.05444444,4,76.99,70.72,82.17,"2800308","Abr"
"ARACAJU - SE","ARACAJU "," SE",-10.9525,-37.05444444,3,70.86,64.42,75.63,"2800308","Mar"
"ARACAJU - SE","ARACAJU "," SE",-10.9525,-37.05444444,2,60.89,54.97,65.14,"2800308","Fev"
"ARACAJU - SE","ARACAJU "," SE",-10.9525,-37.05444444,1,49.07,44.63,53.31,"2800308","Jan"
"ARCOVERDE - PE","ARCOVERDE "," PE",-8.433537,-37.055365,12,28.84,26.16,30.92,"2601201","Dez"
"ARCOVERDE - PE","ARCOVERDE "," PE",-8.433537,-37.055365,11,22.34,20.55,24.31,"2601201","Nov"
"ARCOVERDE - PE","ARCOVERDE "," PE",-8.433537,-37.055365,10,19.97,17.96,21.69,"2601201","Out"
"ARCOVERDE - PE","ARCOVERDE "," PE",-8.433537,-37.055365,9,21.81,19.7,24.17,"2601201","Set"
"ARCOVERDE - PE","ARCOVERDE "," PE",-8.433537,-37.055365,8,27.89,25.4,30.81,"2601201","Ago"
"ARCOVERDE - PE","ARCOVERDE "," PE",-8.433537,-37.055365,7,36.2,33.03,40.19,"2601201","Jul"
"ARCOVERDE - PE","ARCOVERDE "," PE",-8.433537,-37.055365,6,44.58,41.7,49.37,"2601201","Jun"
"ARCOVERDE - PE","ARCOVERDE "," PE",-8.433537,-37.055365,5,51.13,48.17,56.18,"2601201","Mai"
"ARCOVERDE - PE","ARCOVERDE "," PE",-8.433537,-37.055365,4,53.9,49.9,58.53,"2601201","Abr"
"ARCOVERDE - PE","ARCOVERDE "," PE",-8.433537,-37.055365,3,51.77,47.75,55.67,"2601201","Mar"
"ARCOVERDE - PE","ARCOVERDE "," PE",-8.433537,-37.055365,2,45.77,41.69,49.09,"2601201","Fev"
"ARCOVERDE - PE","ARCOVERDE "," PE",-8.433537,-37.055365,1,37.5,33.71,39.96,"2601201","Jan"
"AREIA - PB","AREIA "," PB",-6.97555554,-35.71805554,12,34.32,31.01,43.35,"2501104","Dez"
"AREIA - PB","AREIA "," PB",-6.97555554,-35.71805554,11,29.13,24.65,33.84,"2501104","Nov"
"AREIA - PB","AREIA "," PB",-6.97555554,-35.71805554,10,29.99,24.76,33.45,"2501104","Out"
"AREIA - PB","AREIA "," PB",-6.97555554,-35.71805554,9,36.41,31.7,41.27,"2501104","Set"
"AREIA - PB","AREIA "," PB",-6.97555554,-35.71805554,8,47.33,42.11,52.83,"2501104","Ago"
"AREIA - PB","AREIA "," PB",-6.97555554,-35.71805554,7,59.91,54.93,64.89,"2501104","Jul"
"AREIA - PB","AREIA "," PB",-6.97555554,-35.71805554,6,70.42,64.84,75.02,"2501104","Jun"
"AREIA - PB","AREIA "," PB",-6.97555554,-35.71805554,5,75.83,70.19,82.16,"2501104","Mai"
"AREIA - PB","AREIA "," PB",-6.97555554,-35.71805554,4,75.04,69.64,83.35,"2501104","Abr"
"AREIA - PB","AREIA "," PB",-6.97555554,-35.71805554,3,68.41,62.96,79.6,"2501104","Mar"
"AREIA - PB","AREIA "," PB",-6.97555554,-35.71805554,2,57.31,52.79,70.08,"2501104","Fev"
"AREIA - PB","AREIA "," PB",-6.97555554,-35.71805554,1,44.74,41.07,56.72,"2501104","Jan"
"BACABAL - MA","BACABAL "," MA",-4.21805554,-44.77583332,12,92.6,87.49,100.4,"2101202","Dez"
"BACABAL - MA","BACABAL "," MA",-4.21805554,-44.77583332,11,70.52,66.16,76.85,"2101202","Nov"
"BACABAL - MA","BACABAL "," MA",-4.21805554,-44.77583332,10,50.44,46.16,55.34,"2101202","Out"
"BACABAL - MA","BACABAL "," MA",-4.21805554,-44.77583332,9,35.44,31.41,39.46,"2101202","Set"
"BACABAL - MA","BACABAL "," MA",-4.21805554,-44.77583332,8,28.75,25.2,33.59,"2101202","Ago"
"BACABAL - MA","BACABAL "," MA",-4.21805554,-44.77583332,7,33.25,29.84,38.63,"2101202","Jul"
"BACABAL - MA","BACABAL "," MA",-4.21805554,-44.77583332,6,48.75,44.8,54.8,"2101202","Jun"
"BACABAL - MA","BACABAL "," MA",-4.21805554,-44.77583332,5,71.83,66.6,77.25,"2101202","Mai"
"BACABAL - MA","BACABAL "," MA",-4.21805554,-44.77583332,4,95.55,88.94,101.47,"2101202","Abr"
"BACABAL - MA","BACABAL "," MA",-4.21805554,-44.77583332,3,112.93,105.53,120.4,"2101202","Mar"
"BACABAL - MA","BACABAL "," MA",-4.21805554,-44.77583332,2,118.89,111.07,126.84,"2101202","Fev"
"BACABAL - MA","BACABAL "," MA",-4.21805554,-44.77583332,1,111.13,104.68,118.79,"2101202","Jan"
"BALSAS - MA","BALSAS "," MA",-7.52944443,-46.04638888,12,92.56,86.24,101.07,"2101400","Dez"
"BALSAS - MA","BALSAS "," MA",-7.52944443,-46.04638888,11,80.21,72.78,87.86,"2101400","Nov"
"BALSAS - MA","BALSAS "," MA",-7.52944443,-46.04638888,10,61.31,53.78,66.55,"2101400","Out"
"BALSAS - MA","BALSAS "," MA",-7.52944443,-46.04638888,9,42.02,35.08,45.81,"2101400","Set"
"BALSAS - MA","BALSAS "," MA",-7.52944443,-46.04638888,8,27.97,21.6,30.95,"2101400","Ago"
"BALSAS - MA","BALSAS "," MA",-7.52944443,-46.04638888,7,20.97,15.86,23.76,"2101400","Jul"
"BALSAS - MA","BALSAS "," MA",-7.52944443,-46.04638888,6,22.35,19.51,25.15,"2101400","Jun"
"BALSAS - MA","BALSAS "," MA",-7.52944443,-46.04638888,5,33.32,29.43,36.32,"2101400","Mai"
"BALSAS - MA","BALSAS "," MA",-7.52944443,-46.04638888,4,50.93,45.93,54.85,"2101400","Abr"
"BALSAS - MA","BALSAS "," MA",-7.52944443,-46.04638888,3,70.96,65.79,75.57,"2101400","Mar"
"BALSAS - MA","BALSAS "," MA",-7.52944443,-46.04638888,2,87.42,81.96,92.63,"2101400","Fev"
"BALSAS - MA","BALSAS "," MA",-7.52944443,-46.04638888,1,95.22,89.93,102.79,"2101400","Jan"
"BARBALHA - CE","BARBALHA "," CE",-7.30083333,-39.2711111,12,59.36,54.1,64.41,"2301901","Dez"
"BARBALHA - CE","BARBALHA "," CE",-7.30083333,-39.2711111,11,36.86,32.85,40.06,"2301901","Nov"
"BARBALHA - CE","BARBALHA "," CE",-7.30083333,-39.2711111,10,23.1,20.66,25.91,"2301901","Out"
"BARBALHA - CE","BARBALHA "," CE",-7.30083333,-39.2711111,9,20.95,19.13,23.19,"2301901","Set"
"BARBALHA - CE","BARBALHA "," CE",-7.30083333,-39.2711111,8,28.3,26.51,30.03,"2301901","Ago"
"BARBALHA - CE","BARBALHA "," CE",-7.30083333,-39.2711111,7,40.84,38.99,42.85,"2301901","Jul"
"BARBALHA - CE","BARBALHA "," CE",-7.30083333,-39.2711111,6,58.81,56.98,60.92,"2301901","Jun"
"BARBALHA - CE","BARBALHA "," CE",-7.30083333,-39.2711111,5,82.99,80.13,85.69,"2301901","Mai"
"BARBALHA - CE","BARBALHA "," CE",-7.30083333,-39.2711111,4,103.66,99.21,108.5,"2301901","Abr"
"BARBALHA - CE","BARBALHA "," CE",-7.30083333,-39.2711111,3,111.19,105.87,118.25,"2301901","Mar"
"BARBALHA - CE","BARBALHA "," CE",-7.30083333,-39.2711111,2,103.6,97.92,110.93,"2301901","Fev"
"BARBALHA - CE","BARBALHA "," CE",-7.30083333,-39.2711111,1,84.01,78.36,90.58,"2301901","Jan"
"BARRA - BA","BARRA "," BA",-11.084858,-43.138998,12,61.3,57.11,66.71,"2902708","Dez"
"BARRA - BA","BARRA "," BA",-11.084858,-43.138998,11,46.45,42.16,50.92,"2902708","Nov"
"BARRA - BA","BARRA "," BA",-11.084858,-43.138998,10,31.22,26.88,33.31,"2902708","Out"
"BARRA - BA","BARRA "," BA",-11.084858,-43.138998,9,19.01,15.94,21.82,"2902708","Set"
"BARRA - BA","BARRA "," BA",-11.084858,-43.138998,8,13.55,12.25,17.78,"2902708","Ago"
"BARRA - BA","BARRA "," BA",-11.084858,-43.138998,7,16.45,14.6,20.8,"2902708","Jul"
"BARRA - BA","BARRA "," BA",-11.084858,-43.138998,6,24.94,23.06,28.91,"2902708","Jun"
"BARRA - BA","BARRA "," BA",-11.084858,-43.138998,5,37.04,34.71,40.5,"2902708","Mai"
"BARRA - BA","BARRA "," BA",-11.084858,-43.138998,4,51.58,49.31,54.31,"2902708","Abr"
"BARRA - BA","BARRA "," BA",-11.084858,-43.138998,3,64.94,62.31,68.18,"2902708","Mar"
"BARRA - BA","BARRA "," BA",-11.084858,-43.138998,2,72.19,68.2,76.86,"2902708","Fev"
"BARRA - BA","BARRA "," BA",-11.084858,-43.138998,1,70.81,66.38,76.87,"2902708","Jan"
"BARRA DO CORDA - MA","BARRA DO CORDA "," MA",-5.50638888,-45.23722221,12,86.47,80.88,91.44,"2101608","Dez"
"BARRA DO CORDA - MA","BARRA DO CORDA "," MA",-5.50638888,-45.23722221,11,71.39,66.33,75.01,"2101608","Nov"
"BARRA DO CORDA - MA","BARRA DO CORDA "," MA",-5.50638888,-45.23722221,10,53.28,49.03,55.67,"2101608","Out"
"BARRA DO CORDA - MA","BARRA DO CORDA "," MA",-5.50638888,-45.23722221,9,36.97,33.18,39.03,"2101608","Set"
"BARRA DO CORDA - MA","BARRA DO CORDA "," MA",-5.50638888,-45.23722221,8,25.41,22.02,27.83,"2101608","Ago"
"BARRA DO CORDA - MA","BARRA DO CORDA "," MA",-5.50638888,-45.23722221,7,20.97,17.74,23.71,"2101608","Jul"
"BARRA DO CORDA - MA","BARRA DO CORDA "," MA",-5.50638888,-45.23722221,6,25.57,22.06,29.26,"2101608","Jun"
"BARRA DO CORDA - MA","BARRA DO CORDA "," MA",-5.50638888,-45.23722221,5,38.26,33.67,43.24,"2101608","Mai"
"BARRA DO CORDA - MA","BARRA DO CORDA "," MA",-5.50638888,-45.23722221,4,56.73,51.14,63.14,"2101608","Abr"
"BARRA DO CORDA - MA","BARRA DO CORDA "," MA",-5.50638888,-45.23722221,3,75.94,69.82,82.51,"2101608","Mar"
"BARRA DO CORDA - MA","BARRA DO CORDA "," MA",-5.50638888,-45.23722221,2,89.7,83.25,95.88,"2101608","Fev"
"BARRA DO CORDA - MA","BARRA DO CORDA "," MA",-5.50638888,-45.23722221,1,93.6,87.52,99.47,"2101608","Jan"
"BARREIRAS - BA","BARREIRAS "," BA",-12.155843,-45.008269,12,75.83,71.29,80.28,"2903201","Dez"
"BARREIRAS - BA","BARREIRAS "," BA",-12.155843,-45.008269,11,56.75,53.12,61.74,"2903201","Nov"
"BARREIRAS - BA","BARREIRAS "," BA",-12.155843,-45.008269,10,36.67,34.14,40.48,"2903201","Out"
"BARREIRAS - BA","BARREIRAS "," BA",-12.155843,-45.008269,9,21.71,19.38,24.12,"2903201","Set"
"BARREIRAS - BA","BARREIRAS "," BA",-12.155843,-45.008269,8,15.47,13.64,17.53,"2903201","Ago"
"BARREIRAS - BA","BARREIRAS "," BA",-12.155843,-45.008269,7,18.63,16.47,20.5,"2903201","Jul"
"BARREIRAS - BA","BARREIRAS "," BA",-12.155843,-45.008269,6,28.51,26.31,29.89,"2903201","Jun"
"BARREIRAS - BA","BARREIRAS "," BA",-12.155843,-45.008269,5,42.99,40.34,45.1,"2903201","Mai"
"BARREIRAS - BA","BARREIRAS "," BA",-12.155843,-45.008269,4,60.89,56.95,64.32,"2903201","Abr"
"BARREIRAS - BA","BARREIRAS "," BA",-12.155843,-45.008269,3,78.36,73.77,82.73,"2903201","Mar"
"BARREIRAS - BA","BARREIRAS "," BA",-12.155843,-45.008269,2,88.99,84.04,93.4,"2903201","Fev"
"BARREIRAS - BA","BARREIRAS "," BA",-12.155843,-45.008269,1,87.79,83.31,92.29,"2903201","Jan"
"BOM JESUS - PI","BOM JESUS "," PI",-9.06611111,-44.36527777,12,70.1,65.42,74.15,"2201903","Dez"
"BOM JESUS - PI","BOM JESUS "," PI",-9.06611111,-44.36527777,11,51.16,47.94,56.04,"2201903","Nov"
"BOM JESUS - PI","BOM JESUS "," PI",-9.06611111,-44.36527777,10,33.33,29.91,40.22,"2201903","Out"
"BOM JESUS - PI","BOM JESUS "," PI",-9.06611111,-44.36527777,9,21.94,18.46,28.94,"2201903","Set"
"BOM JESUS - PI","BOM JESUS "," PI",-9.06611111,-44.36527777,8,18.47,16.28,24.21,"2201903","Ago"
"BOM JESUS - PI","BOM JESUS "," PI",-9.06611111,-44.36527777,7,23.49,21.54,27.14,"2201903","Jul"
"BOM JESUS - PI","BOM JESUS "," PI",-9.06611111,-44.36527777,6,34.95,32.19,37.5,"2201903","Jun"
"BOM JESUS - PI","BOM JESUS "," PI",-9.06611111,-44.36527777,5,51.2,45.4,53.68,"2201903","Mai"
"BOM JESUS - PI","BOM JESUS "," PI",-9.06611111,-44.36527777,4,69.58,60.4,73.63,"2201903","Abr"
"BOM JESUS - PI","BOM JESUS "," PI",-9.06611111,-44.36527777,3,83.99,73.75,89.64,"2201903","Mar"
"BOM JESUS - PI","BOM JESUS "," PI",-9.06611111,-44.36527777,2,89.2,80.03,95.88,"2201903","Fev"
"BOM JESUS - PI","BOM JESUS "," PI",-9.06611111,-44.36527777,1,84.02,77.14,89.87,"2201903","Jan"
"BOM JESUS DA LAPA - BA","BOM JESUS DA LAPA "," BA",-13.251097,-43.405365,12,72.92,69.59,75.89,"2903904","Dez"
"BOM JESUS DA LAPA - BA","BOM JESUS DA LAPA "," BA",-13.251097,-43.405365,11,62.96,60.7,65.56,"2903904","Nov"
"BOM JESUS DA LAPA - BA","BOM JESUS DA LAPA "," BA",-13.251097,-43.405365,10,48.32,46.55,49.73,"2903904","Out"
"BOM JESUS DA LAPA - BA","BOM JESUS DA LAPA "," BA",-13.251097,-43.405365,9,33.85,32.82,34.85,"2903904","Set"
"BOM JESUS DA LAPA - BA","BOM JESUS DA LAPA "," BA",-13.251097,-43.405365,8,23.28,22.23,23.99,"2903904","Ago"
"BOM JESUS DA LAPA - BA","BOM JESUS DA LAPA "," BA",-13.251097,-43.405365,7,16.71,15.57,17.98,"2903904","Jul"
"BOM JESUS DA LAPA - BA","BOM JESUS DA LAPA "," BA",-13.251097,-43.405365,6,15.99,14.36,17.62,"2903904","Jun"
"BOM JESUS DA LAPA - BA","BOM JESUS DA LAPA "," BA",-13.251097,-43.405365,5,22.52,20.3,24.49,"2903904","Mai"
"BOM JESUS DA LAPA - BA","BOM JESUS DA LAPA "," BA",-13.251097,-43.405365,4,35.37,33.16,37.53,"2903904","Abr"
"BOM JESUS DA LAPA - BA","BOM JESUS DA LAPA "," BA",-13.251097,-43.405365,3,50.94,48.73,53.91,"2903904","Mar"
"BOM JESUS DA LAPA - BA","BOM JESUS DA LAPA "," BA",-13.251097,-43.405365,2,65.28,62.86,68.94,"2903904","Fev"
"BOM JESUS DA LAPA - BA","BOM JESUS DA LAPA "," BA",-13.251097,-43.405365,1,73.73,70.03,77.15,"2903904","Jan"
"CABEDELO - PB","CABEDELO "," PB",-7.09527777,-34.8486111,12,40.1,36.09,45.43,"2503209","Dez"
"CABEDELO - PB","CABEDELO "," PB",-7.09527777,-34.8486111,11,43.01,39.43,47.39,"2503209","Nov"
"CABEDELO - PB","CABEDELO "," PB",-7.09527777,-34.8486111,10,54.84,51.5,58.29,"2503209","Out"
"CABEDELO - PB","CABEDELO "," PB",-7.09527777,-34.8486111,9,74,70.5,77.28,"2503209","Set"
"CABEDELO - PB","CABEDELO "," PB",-7.09527777,-34.8486111,8,96.94,92.77,101.04,"2503209","Ago"
"CABEDELO - PB","CABEDELO "," PB",-7.09527777,-34.8486111,7,117.19,112.69,122.32,"2503209","Jul"
"CABEDELO - PB","CABEDELO "," PB",-7.09527777,-34.8486111,6,128.35,122.9,136.25,"2503209","Jun"
"CABEDELO - PB","CABEDELO "," PB",-7.09527777,-34.8486111,5,126.34,120.72,136.22,"2503209","Mai"
"CABEDELO - PB","CABEDELO "," PB",-7.09527777,-34.8486111,4,111.78,106.2,122.36,"2503209","Abr"
"CABEDELO - PB","CABEDELO "," PB",-7.09527777,-34.8486111,3,89.4,83.9,98.3,"2503209","Mar"
"CABEDELO - PB","CABEDELO "," PB",-7.09527777,-34.8486111,2,65.9,61.18,72.61,"2503209","Fev"
"CABEDELO - PB","CABEDELO "," PB",-7.09527777,-34.8486111,1,48.27,43.52,53.86,"2503209","Jan"
"CABROBO - PE","CABROBO "," PE",-8.50388888,-39.31527777,12,33.5,29.79,37.17,"2603009","Dez"
"CABROBO - PE","CABROBO "," PE",-8.50388888,-39.31527777,11,22.15,19.17,24.94,"2603009","Nov"
"CABROBO - PE","CABROBO "," PE",-8.50388888,-39.31527777,10,15,13.32,16.68,"2603009","Out"
"CABROBO - PE","CABROBO "," PE",-8.50388888,-39.31527777,9,13.52,12.03,16.18,"2603009","Set"
"CABROBO - PE","CABROBO "," PE",-8.50388888,-39.31527777,8,17.84,16.28,21.71,"2603009","Ago"
"CABROBO - PE","CABROBO "," PE",-8.50388888,-39.31527777,7,25.89,24.06,30.61,"2603009","Jul"
"CABROBO - PE","CABROBO "," PE",-8.50388888,-39.31527777,6,36.09,33.85,41.58,"2603009","Jun"
"CABROBO - PE","CABROBO "," PE",-8.50388888,-39.31527777,5,46.46,43.82,52.43,"2603009","Mai"
"CABROBO - PE","CABROBO "," PE",-8.50388888,-39.31527777,4,55.06,51.57,60.28,"2603009","Abr"
"CABROBO - PE","CABROBO "," PE",-8.50388888,-39.31527777,3,58.78,54.71,63.52,"2603009","Mar"
"CABROBO - PE","CABROBO "," PE",-8.50388888,-39.31527777,2,55.38,51.62,60.52,"2603009","Fev"
"CABROBO - PE","CABROBO "," PE",-8.50388888,-39.31527777,1,45.88,42.11,50.48,"2603009","Jan"
"CAMPINA GRANDE - PB","CAMPINA GRANDE "," PB",-7.22555554,-35.90472222,12,29.45,23.39,31.86,"2504009","Dez"
"CAMPINA GRANDE - PB","CAMPINA GRANDE "," PB",-7.22555554,-35.90472222,11,22.99,18.96,25.51,"2504009","Nov"
"CAMPINA GRANDE - PB","CAMPINA GRANDE "," PB",-7.22555554,-35.90472222,10,21.27,19.38,23.53,"2504009","Out"
"CAMPINA GRANDE - PB","CAMPINA GRANDE "," PB",-7.22555554,-35.90472222,9,24.17,22.1,27.77,"2504009","Set"
"CAMPINA GRANDE - PB","CAMPINA GRANDE "," PB",-7.22555554,-35.90472222,8,31.73,28.74,37,"2504009","Ago"
"CAMPINA GRANDE - PB","CAMPINA GRANDE "," PB",-7.22555554,-35.90472222,7,41.46,37.61,46.77,"2504009","Jul"
"CAMPINA GRANDE - PB","CAMPINA GRANDE "," PB",-7.22555554,-35.90472222,6,50.6,46.85,54.9,"2504009","Jun"
"CAMPINA GRANDE - PB","CAMPINA GRANDE "," PB",-7.22555554,-35.90472222,5,57.18,52.01,61.33,"2504009","Mai"
"CAMPINA GRANDE - PB","CAMPINA GRANDE "," PB",-7.22555554,-35.90472222,4,58.94,52.82,63.8,"2504009","Abr"
"CAMPINA GRANDE - PB","CAMPINA GRANDE "," PB",-7.22555554,-35.90472222,3,55.41,48.96,60.14,"2504009","Mar"
"CAMPINA GRANDE - PB","CAMPINA GRANDE "," PB",-7.22555554,-35.90472222,2,48.32,40.78,51.94,"2504009","Fev"
"CAMPINA GRANDE - PB","CAMPINA GRANDE "," PB",-7.22555554,-35.90472222,1,38.95,31.54,41.55,"2504009","Jan"
"CANAVIEIRAS - BA","CANAVIEIRAS "," BA",-15.67333332,-38.96111111,12,76.23,66.46,87.84,"2906303","Dez"
"CANAVIEIRAS - BA","CANAVIEIRAS "," BA",-15.67333332,-38.96111111,11,72.65,63.19,84.66,"2906303","Nov"
"CANAVIEIRAS - BA","CANAVIEIRAS "," BA",-15.67333332,-38.96111111,10,70.29,59.12,81.89,"2906303","Out"
"CANAVIEIRAS - BA","CANAVIEIRAS "," BA",-15.67333332,-38.96111111,9,70.52,54.84,79.26,"2906303","Set"
"CANAVIEIRAS - BA","CANAVIEIRAS "," BA",-15.67333332,-38.96111111,8,71.78,54.83,79.32,"2906303","Ago"
"CANAVIEIRAS - BA","CANAVIEIRAS "," BA",-15.67333332,-38.96111111,7,74.35,59.34,81.88,"2906303","Jul"
"CANAVIEIRAS - BA","CANAVIEIRAS "," BA",-15.67333332,-38.96111111,6,76.83,67.26,84.6,"2906303","Jun"
"CANAVIEIRAS - BA","CANAVIEIRAS "," BA",-15.67333332,-38.96111111,5,79.76,72.75,88.76,"2906303","Mai"
"CANAVIEIRAS - BA","CANAVIEIRAS "," BA",-15.67333332,-38.96111111,4,81.97,73.4,95.11,"2906303","Abr"
"CANAVIEIRAS - BA","CANAVIEIRAS "," BA",-15.67333332,-38.96111111,3,82.35,72.21,100.28,"2906303","Mar"
"CANAVIEIRAS - BA","CANAVIEIRAS "," BA",-15.67333332,-38.96111111,2,80.87,71.33,98.12,"2906303","Fev"
"CANAVIEIRAS - BA","CANAVIEIRAS "," BA",-15.67333332,-38.96111111,1,78.68,69.54,93.45,"2906303","Jan"
"CARACOL - PI","CARACOL "," PI",-9.28583333,-43.32444443,12,58.06,54.85,60.44,"2202505","Dez"
"CARACOL - PI","CARACOL "," PI",-9.28583333,-43.32444443,11,40.99,38.41,43.2,"2202505","Nov"
"CARACOL - PI","CARACOL "," PI",-9.28583333,-43.32444443,10,25.76,23.7,28.39,"2202505","Out"
"CARACOL - PI","CARACOL "," PI",-9.28583333,-43.32444443,9,16.88,15,19.76,"2202505","Set"
"CARACOL - PI","CARACOL "," PI",-9.28583333,-43.32444443,8,16.19,14.76,18.25,"2202505","Ago"
"CARACOL - PI","CARACOL "," PI",-9.28583333,-43.32444443,7,22.21,21.29,23.22,"2202505","Jul"
"CARACOL - PI","CARACOL "," PI",-9.28583333,-43.32444443,6,32.33,31.5,33.19,"2202505","Jun"
"CARACOL - PI","CARACOL "," PI",-9.28583333,-43.32444443,5,46.53,44.96,47.85,"2202505","Mai"
"CARACOL - PI","CARACOL "," PI",-9.28583333,-43.32444443,4,62.48,59.9,65.07,"2202505","Abr"
"CARACOL - PI","CARACOL "," PI",-9.28583333,-43.32444443,3,74.75,70.86,78.06,"2202505","Mar"
"CARACOL - PI","CARACOL "," PI",-9.28583333,-43.32444443,2,78.57,73.92,81.76,"2202505","Fev"
"CARACOL - PI","CARACOL "," PI",-9.28583333,-43.32444443,1,72.02,68.01,75.04,"2202505","Jan"
"CARAVELAS - BA","CARAVELAS "," BA",-17.73944444,-39.25861111,12,99.95,90.57,112.93,"2906907","Dez"
"CARAVELAS - BA","CARAVELAS "," BA",-17.73944444,-39.25861111,11,87.49,79.06,98.9,"2906907","Nov"
"CARAVELAS - BA","CARAVELAS "," BA",-17.73944444,-39.25861111,10,70.77,64.9,80.24,"2906907","Out"
"CARAVELAS - BA","CARAVELAS "," BA",-17.73944444,-39.25861111,9,54.96,50.77,64.27,"2906907","Set"
"CARAVELAS - BA","CARAVELAS "," BA",-17.73944444,-39.25861111,8,45.62,41.49,56.17,"2906907","Ago"
"CARAVELAS - BA","CARAVELAS "," BA",-17.73944444,-39.25861111,7,46.27,41.8,56.94,"2906907","Jul"
"CARAVELAS - BA","CARAVELAS "," BA",-17.73944444,-39.25861111,6,56.46,51.35,67.45,"2906907","Jun"
"CARAVELAS - BA","CARAVELAS "," BA",-17.73944444,-39.25861111,5,72.55,66.46,84.78,"2906907","Mai"
"CARAVELAS - BA","CARAVELAS "," BA",-17.73944444,-39.25861111,4,89.27,80.72,101.87,"2906907","Abr"
"CARAVELAS - BA","CARAVELAS "," BA",-17.73944444,-39.25861111,3,100.76,90.47,114.71,"2906907","Mar"
"CARAVELAS - BA","CARAVELAS "," BA",-17.73944444,-39.25861111,2,106.27,94.79,120.28,"2906907","Fev"
"CARAVELAS - BA","CARAVELAS "," BA",-17.73944444,-39.25861111,1,106.12,94.89,119.67,"2906907","Jan"
"CAROLINA - MA","CAROLINA "," MA",-7.33722221,-47.45972222,12,103.32,95.79,113.03,"2102804","Dez"
"CAROLINA - MA","CAROLINA "," MA",-7.33722221,-47.45972222,11,85.06,78.24,93.71,"2102804","Nov"
"CAROLINA - MA","CAROLINA "," MA",-7.33722221,-47.45972222,10,63.54,57.33,69.55,"2102804","Out"
"CAROLINA - MA","CAROLINA "," MA",-7.33722221,-47.45972222,9,43.71,38.46,50,"2102804","Set"
"CAROLINA - MA","CAROLINA "," MA",-7.33722221,-47.45972222,8,30.42,25.55,37.8,"2102804","Ago"
"CAROLINA - MA","CAROLINA "," MA",-7.33722221,-47.45972222,7,28.54,23.43,35.54,"2102804","Jul"
"CAROLINA - MA","CAROLINA "," MA",-7.33722221,-47.45972222,6,38.36,33.38,44.34,"2102804","Jun"
"CAROLINA - MA","CAROLINA "," MA",-7.33722221,-47.45972222,5,57.31,52.12,62.34,"2102804","Mai"
"CAROLINA - MA","CAROLINA "," MA",-7.33722221,-47.45972222,4,79.74,74.55,85.16,"2102804","Abr"
"CAROLINA - MA","CAROLINA "," MA",-7.33722221,-47.45972222,3,99.82,94.11,107.38,"2102804","Mar"
"CAROLINA - MA","CAROLINA "," MA",-7.33722221,-47.45972222,2,111.99,104.94,121.57,"2102804","Fev"
"CAROLINA - MA","CAROLINA "," MA",-7.33722221,-47.45972222,1,113.28,105.31,123.56,"2102804","Jan"
"CAXIAS - MA","CAXIAS "," MA",-4.86722221,-43.35666666,12,59.99,55.08,64.79,"2103000","Dez"
"CAXIAS - MA","CAXIAS "," MA",-4.86722221,-43.35666666,11,40.4,36.57,44.51,"2103000","Nov"
"CAXIAS - MA","CAXIAS "," MA",-4.86722221,-43.35666666,10,29.18,25.08,32.67,"2103000","Out"
"CAXIAS - MA","CAXIAS "," MA",-4.86722221,-43.35666666,9,28.15,23.57,30.96,"2103000","Set"
"CAXIAS - MA","CAXIAS "," MA",-4.86722221,-43.35666666,8,35.17,30.08,37.59,"2103000","Ago"
"CAXIAS - MA","CAXIAS "," MA",-4.86722221,-43.35666666,7,46.88,42.42,49.77,"2103000","Jul"
"CAXIAS - MA","CAXIAS "," MA",-4.86722221,-43.35666666,6,63.41,58.86,67.93,"2103000","Jun"
"CAXIAS - MA","CAXIAS "," MA",-4.86722221,-43.35666666,5,84.51,79.72,90.38,"2103000","Mai"
"CAXIAS - MA","CAXIAS "," MA",-4.86722221,-43.35666666,4,102.57,97.16,108.79,"2103000","Abr"
"CAXIAS - MA","CAXIAS "," MA",-4.86722221,-43.35666666,3,108.3,102.35,114.83,"2103000","Mar"
"CAXIAS - MA","CAXIAS "," MA",-4.86722221,-43.35666666,2,100.74,93.89,106.55,"2103000","Fev"
"CAXIAS - MA","CAXIAS "," MA",-4.86722221,-43.35666666,1,82.15,76.06,87.66,"2103000","Jan"
"CEARA-MIRIM - RN","CEARA-MIRIM "," RN",-5.65333333,-35.42583332,12,30.52,27.89,33.53,"2402600","Dez"
"CEARA-MIRIM - RN","CEARA-MIRIM "," RN",-5.65333333,-35.42583332,11,29.97,27.77,32.64,"2402600","Nov"
"CEARA-MIRIM - RN","CEARA-MIRIM "," RN",-5.65333333,-35.42583332,10,38,35.76,40.32,"2402600","Out"
"CEARA-MIRIM - RN","CEARA-MIRIM "," RN",-5.65333333,-35.42583332,9,52.54,49.22,55.25,"2402600","Set"
"CEARA-MIRIM - RN","CEARA-MIRIM "," RN",-5.65333333,-35.42583332,8,72.75,67.86,76.65,"2402600","Ago"
"CEARA-MIRIM - RN","CEARA-MIRIM "," RN",-5.65333333,-35.42583332,7,93.52,87.15,98.79,"2402600","Jul"
"CEARA-MIRIM - RN","CEARA-MIRIM "," RN",-5.65333333,-35.42583332,6,107.48,99.99,114.74,"2402600","Jun"
"CEARA-MIRIM - RN","CEARA-MIRIM "," RN",-5.65333333,-35.42583332,5,109.39,101.71,118.37,"2402600","Mai"
"CEARA-MIRIM - RN","CEARA-MIRIM "," RN",-5.65333333,-35.42583332,4,99.25,92.22,108.29,"2402600","Abr"
"CEARA-MIRIM - RN","CEARA-MIRIM "," RN",-5.65333333,-35.42583332,3,81.05,73.95,88.7,"2402600","Mar"
"CEARA-MIRIM - RN","CEARA-MIRIM "," RN",-5.65333333,-35.42583332,2,59.37,53.58,64.86,"2402600","Fev"
"CEARA-MIRIM - RN","CEARA-MIRIM "," RN",-5.65333333,-35.42583332,1,40.7,37.47,44.85,"2402600","Jan"
"CHAPADINHA - MA","CHAPADINHA "," MA",-3.74277777,-43.35222222,12,86.71,82.85,91.68,"2103208","Dez"
"CHAPADINHA - MA","CHAPADINHA "," MA",-3.74277777,-43.35222222,11,63.65,60.86,67.48,"2103208","Nov"
"CHAPADINHA - MA","CHAPADINHA "," MA",-3.74277777,-43.35222222,10,45.55,43.43,48.34,"2103208","Out"
"CHAPADINHA - MA","CHAPADINHA "," MA",-3.74277777,-43.35222222,9,32.55,30.56,35.1,"2103208","Set"
"CHAPADINHA - MA","CHAPADINHA "," MA",-3.74277777,-43.35222222,8,26.59,23.95,30.96,"2103208","Ago"
"CHAPADINHA - MA","CHAPADINHA "," MA",-3.74277777,-43.35222222,7,31.05,27.94,36.52,"2103208","Jul"
"CHAPADINHA - MA","CHAPADINHA "," MA",-3.74277777,-43.35222222,6,46.75,42.87,52.54,"2103208","Jun"
"CHAPADINHA - MA","CHAPADINHA "," MA",-3.74277777,-43.35222222,5,70.61,65.48,75.59,"2103208","Mai"
"CHAPADINHA - MA","CHAPADINHA "," MA",-3.74277777,-43.35222222,4,94.98,89.06,100.19,"2103208","Abr"
"CHAPADINHA - MA","CHAPADINHA "," MA",-3.74277777,-43.35222222,3,112.63,105.8,119.21,"2103208","Mar"
"CHAPADINHA - MA","CHAPADINHA "," MA",-3.74277777,-43.35222222,2,117.61,111.53,124.83,"2103208","Fev"
"CHAPADINHA - MA","CHAPADINHA "," MA",-3.74277777,-43.35222222,1,107.72,102.85,114.25,"2103208","Jan"
"CIPO - BA","CIPO "," BA",-11.10138888,-38.52416666,12,36.06,32.6,39.73,"2907905","Dez"
"CIPO - BA","CIPO "," BA",-11.10138888,-38.52416666,11,31.63,28.12,35.87,"2907905","Nov"
"CIPO - BA","CIPO "," BA",-11.10138888,-38.52416666,10,27.21,24.72,31.69,"2907905","Out"
"CIPO - BA","CIPO "," BA",-11.10138888,-38.52416666,9,25.02,22.56,28.23,"2907905","Set"
"CIPO - BA","CIPO "," BA",-11.10138888,-38.52416666,8,24.58,22.02,27.01,"2907905","Ago"
"CIPO - BA","CIPO "," BA",-11.10138888,-38.52416666,7,26.02,24.03,29.77,"2907905","Jul"
"CIPO - BA","CIPO "," BA",-11.10138888,-38.52416666,6,29.96,26.57,34.33,"2907905","Jun"
"CIPO - BA","CIPO "," BA",-11.10138888,-38.52416666,5,34.96,30.52,39.08,"2907905","Mai"
"CIPO - BA","CIPO "," BA",-11.10138888,-38.52416666,4,39.22,34.27,43.03,"2907905","Abr"
"CIPO - BA","CIPO "," BA",-11.10138888,-38.52416666,3,41.21,37.31,45.44,"2907905","Mar"
"CIPO - BA","CIPO "," BA",-11.10138888,-38.52416666,2,41.28,38.28,45.06,"2907905","Fev"
"CIPO - BA","CIPO "," BA",-11.10138888,-38.52416666,1,39.34,36.57,42.34,"2907905","Jan"
"COLINAS - MA","COLINAS "," MA",-6.03305554,-44.23333333,12,96.22,87.93,102.81,"2103505","Dez"
"COLINAS - MA","COLINAS "," MA",-6.03305554,-44.23333333,11,83.94,77.44,89.08,"2103505","Nov"
"COLINAS - MA","COLINAS "," MA",-6.03305554,-44.23333333,10,66.75,62.55,70.77,"2103505","Out"
"COLINAS - MA","COLINAS "," MA",-6.03305554,-44.23333333,9,49.74,46.85,52.76,"2103505","Set"
"COLINAS - MA","COLINAS "," MA",-6.03305554,-44.23333333,8,36.72,32.12,40.23,"2103505","Ago"
"COLINAS - MA","COLINAS "," MA",-6.03305554,-44.23333333,7,31.06,25.12,35.27,"2103505","Jul"
"COLINAS - MA","COLINAS "," MA",-6.03305554,-44.23333333,6,33.56,28.76,38.46,"2103505","Jun"
"COLINAS - MA","COLINAS "," MA",-6.03305554,-44.23333333,5,44.34,40.25,50.16,"2103505","Mai"
"COLINAS - MA","COLINAS "," MA",-6.03305554,-44.23333333,4,61.61,54.61,66.96,"2103505","Abr"
"COLINAS - MA","COLINAS "," MA",-6.03305554,-44.23333333,3,79.72,70.49,86.42,"2103505","Mar"
"COLINAS - MA","COLINAS "," MA",-6.03305554,-44.23333333,2,94.08,83.72,101.21,"2103505","Fev"
"COLINAS - MA","COLINAS "," MA",-6.03305554,-44.23333333,1,99.99,90.14,107.53,"2103505","Jan"
"CORRENTINA - BA","CORRENTINA "," BA",-13.33249999,-44.61749999,12,85.44,79.44,89.58,"2909307","Dez"
"CORRENTINA - BA","CORRENTINA "," BA",-13.33249999,-44.61749999,11,76.81,72.35,79.76,"2909307","Nov"
"CORRENTINA - BA","CORRENTINA "," BA",-13.33249999,-44.61749999,10,60.82,57.81,62.37,"2909307","Out"
"CORRENTINA - BA","CORRENTINA "," BA",-13.33249999,-44.61749999,9,42.75,40.9,44.59,"2909307","Set"
"CORRENTINA - BA","CORRENTINA "," BA",-13.33249999,-44.61749999,8,28.62,27.05,30.57,"2909307","Ago"
"CORRENTINA - BA","CORRENTINA "," BA",-13.33249999,-44.61749999,7,19.39,17.96,21.21,"2909307","Jul"
"CORRENTINA - BA","CORRENTINA "," BA",-13.33249999,-44.61749999,6,16.41,14.77,18.42,"2909307","Jun"
"CORRENTINA - BA","CORRENTINA "," BA",-13.33249999,-44.61749999,5,21.23,19.91,24.59,"2909307","Mai"
"CORRENTINA - BA","CORRENTINA "," BA",-13.33249999,-44.61749999,4,34.5,32.04,39.01,"2909307","Abr"
"CORRENTINA - BA","CORRENTINA "," BA",-13.33249999,-44.61749999,3,53.05,48.87,57.99,"2909307","Mar"
"CORRENTINA - BA","CORRENTINA "," BA",-13.33249999,-44.61749999,2,70.98,65.3,76.15,"2909307","Fev"
"CORRENTINA - BA","CORRENTINA "," BA",-13.33249999,-44.61749999,1,82.8,76.78,88.21,"2909307","Jan"
"CRUZ DAS ALMAS - BA","CRUZ DAS ALMAS "," BA",-12.67527777,-39.08972221,12,51.38,46.42,56.51,"2909802","Dez"
"CRUZ DAS ALMAS - BA","CRUZ DAS ALMAS "," BA",-12.67527777,-39.08972221,11,45.99,41.04,51.72,"2909802","Nov"
"CRUZ DAS ALMAS - BA","CRUZ DAS ALMAS "," BA",-12.67527777,-39.08972221,10,41.1,35.79,47,"2909802","Out"
"CRUZ DAS ALMAS - BA","CRUZ DAS ALMAS "," BA",-12.67527777,-39.08972221,9,38.3,32.69,43.39,"2909802","Set"
"CRUZ DAS ALMAS - BA","CRUZ DAS ALMAS "," BA",-12.67527777,-39.08972221,8,38.17,33.25,42.54,"2909802","Ago"
"CRUZ DAS ALMAS - BA","CRUZ DAS ALMAS "," BA",-12.67527777,-39.08972221,7,41.12,37.47,45.22,"2909802","Jul"
"CRUZ DAS ALMAS - BA","CRUZ DAS ALMAS "," BA",-12.67527777,-39.08972221,6,46.89,43.33,51.64,"2909802","Jun"
"CRUZ DAS ALMAS - BA","CRUZ DAS ALMAS "," BA",-12.67527777,-39.08972221,5,53.36,48.65,58.9,"2909802","Mai"
"CRUZ DAS ALMAS - BA","CRUZ DAS ALMAS "," BA",-12.67527777,-39.08972221,4,58.53,53.03,64.35,"2909802","Abr"
"CRUZ DAS ALMAS - BA","CRUZ DAS ALMAS "," BA",-12.67527777,-39.08972221,3,60.93,55.24,66.41,"2909802","Mar"
"CRUZ DAS ALMAS - BA","CRUZ DAS ALMAS "," BA",-12.67527777,-39.08972221,2,59.97,54.72,64.68,"2909802","Fev"
"CRUZ DAS ALMAS - BA","CRUZ DAS ALMAS "," BA",-12.67527777,-39.08972221,1,56.52,51.27,61.41,"2909802","Jan"
"CRUZETA - RN","CRUZETA "," RN",-6.42638888,-36.79138888,12,36.78,30.68,43.78,"2403004","Dez"
"CRUZETA - RN","CRUZETA "," RN",-6.42638888,-36.79138888,11,27.2,22,32.47,"2403004","Nov"
"CRUZETA - RN","CRUZETA "," RN",-6.42638888,-36.79138888,10,20.65,16.05,23.23,"2403004","Out"
"CRUZETA - RN","CRUZETA "," RN",-6.42638888,-36.79138888,9,17.41,15.41,20.37,"2403004","Set"
"CRUZETA - RN","CRUZETA "," RN",-6.42638888,-36.79138888,8,21.03,15.76,23.85,"2403004","Ago"
"CRUZETA - RN","CRUZETA "," RN",-6.42638888,-36.79138888,7,29.56,19.77,33.12,"2403004","Jul"
"CRUZETA - RN","CRUZETA "," RN",-6.42638888,-36.79138888,6,39.74,28.48,44.15,"2403004","Jun"
"CRUZETA - RN","CRUZETA "," RN",-6.42638888,-36.79138888,5,48.15,39.97,53.76,"2403004","Mai"
"CRUZETA - RN","CRUZETA "," RN",-6.42638888,-36.79138888,4,53.49,47.78,59.47,"2403004","Abr"
"CRUZETA - RN","CRUZETA "," RN",-6.42638888,-36.79138888,3,56.58,50.7,60.78,"2403004","Mar"
"CRUZETA - RN","CRUZETA "," RN",-6.42638888,-36.79138888,2,54.25,48.54,59.48,"2403004","Fev"
"CRUZETA - RN","CRUZETA "," RN",-6.42638888,-36.79138888,1,46.32,40.55,54.2,"2403004","Jan"
"FLORIANO - PI","FLORIANO "," PI",-6.76166666,-43.00333333,12,83.37,78.69,89.59,"2203909","Dez"
"FLORIANO - PI","FLORIANO "," PI",-6.76166666,-43.00333333,11,69.11,66.04,75.01,"2203909","Nov"
"FLORIANO - PI","FLORIANO "," PI",-6.76166666,-43.00333333,10,51.62,49.05,56,"2203909","Out"
"FLORIANO - PI","FLORIANO "," PI",-6.76166666,-43.00333333,9,36.07,33.69,39.42,"2203909","Set"
"FLORIANO - PI","FLORIANO "," PI",-6.76166666,-43.00333333,8,24.51,22.32,27.43,"2203909","Ago"
"FLORIANO - PI","FLORIANO "," PI",-6.76166666,-43.00333333,7,19.14,16.77,22.63,"2203909","Jul"
"FLORIANO - PI","FLORIANO "," PI",-6.76166666,-43.00333333,6,21.89,19.62,25.11,"2203909","Jun"
"FLORIANO - PI","FLORIANO "," PI",-6.76166666,-43.00333333,5,33.57,30.31,36.6,"2203909","Mai"
"FLORIANO - PI","FLORIANO "," PI",-6.76166666,-43.00333333,4,50.85,47.02,54.73,"2203909","Abr"
"FLORIANO - PI","FLORIANO "," PI",-6.76166666,-43.00333333,3,69.92,64.38,74.3,"2203909","Mar"
"FLORIANO - PI","FLORIANO "," PI",-6.76166666,-43.00333333,2,84.27,77.87,89,"2203909","Fev"
"FLORIANO - PI","FLORIANO "," PI",-6.76166666,-43.00333333,1,89.24,83.09,95.31,"2203909","Jan"
"FORTALEZA - CE","FORTALEZA "," CE",-3.72999999,-38.53777777,12,32.33,29.57,34.4,"2304400","Dez"
"FORTALEZA - CE","FORTALEZA "," CE",-3.72999999,-38.53777777,11,24.09,22,26.12,"2304400","Nov"
"FORTALEZA - CE","FORTALEZA "," CE",-3.72999999,-38.53777777,10,27.14,25.29,28.73,"2304400","Out"
"FORTALEZA - CE","FORTALEZA "," CE",-3.72999999,-38.53777777,9,38.66,36.1,40.46,"2304400","Set"
"FORTALEZA - CE","FORTALEZA "," CE",-3.72999999,-38.53777777,8,55.37,52.63,58.64,"2304400","Ago"
"FORTALEZA - CE","FORTALEZA "," CE",-3.72999999,-38.53777777,7,76.22,73.06,81.43,"2304400","Jul"
"FORTALEZA - CE","FORTALEZA "," CE",-3.72999999,-38.53777777,6,97.14,93.25,103.59,"2304400","Jun"
"FORTALEZA - CE","FORTALEZA "," CE",-3.72999999,-38.53777777,5,110.01,105.67,116.92,"2304400","Mai"
"FORTALEZA - CE","FORTALEZA "," CE",-3.72999999,-38.53777777,4,110.07,105.14,115.98,"2304400","Abr"
"FORTALEZA - CE","FORTALEZA "," CE",-3.72999999,-38.53777777,3,96.79,91.82,101.35,"2304400","Mar"
"FORTALEZA - CE","FORTALEZA "," CE",-3.72999999,-38.53777777,2,74.97,70.4,77.97,"2304400","Fev"
"FORTALEZA - CE","FORTALEZA "," CE",-3.72999999,-38.53777777,1,50.82,47.22,53.39,"2304400","Jan"
"GARANHUNS - PE","GARANHUNS "," PE",-8.91083333,-36.49333333,12,33.58,28.92,35.38,"2606002","Dez"
"GARANHUNS - PE","GARANHUNS "," PE",-8.91083333,-36.49333333,11,28.99,25.78,30.76,"2606002","Nov"
"GARANHUNS - PE","GARANHUNS "," PE",-8.91083333,-36.49333333,10,28.64,23.69,30.5,"2606002","Out"
"GARANHUNS - PE","GARANHUNS "," PE",-8.91083333,-36.49333333,9,31.58,26.09,35.41,"2606002","Set"
"GARANHUNS - PE","GARANHUNS "," PE",-8.91083333,-36.49333333,8,36.36,31.94,41.59,"2606002","Ago"
"GARANHUNS - PE","GARANHUNS "," PE",-8.91083333,-36.49333333,7,41.95,37.55,47.18,"2606002","Jul"
"GARANHUNS - PE","GARANHUNS "," PE",-8.91083333,-36.49333333,6,47.66,43.18,50.98,"2606002","Jun"
"GARANHUNS - PE","GARANHUNS "," PE",-8.91083333,-36.49333333,5,51.38,47.81,54.67,"2606002","Mai"
"GARANHUNS - PE","GARANHUNS "," PE",-8.91083333,-36.49333333,4,52.99,47.77,56.84,"2606002","Abr"
"GARANHUNS - PE","GARANHUNS "," PE",-8.91083333,-36.49333333,3,51.46,43.28,54.9,"2606002","Mar"
"GARANHUNS - PE","GARANHUNS "," PE",-8.91083333,-36.49333333,2,46.9,37.76,49.85,"2606002","Fev"
"GARANHUNS - PE","GARANHUNS "," PE",-8.91083333,-36.49333333,1,40.41,32.65,42.48,"2606002","Jan"
"GUARATINGA - BA","GUARATINGA "," BA",-16.58081,-39.783182,12,69.8,64.38,75.11,"2911808","Dez"
"GUARATINGA - BA","GUARATINGA "," BA",-16.58081,-39.783182,11,60.91,56.45,65.01,"2911808","Nov"
"GUARATINGA - BA","GUARATINGA "," BA",-16.58081,-39.783182,10,50.54,45.16,55.32,"2911808","Out"
"GUARATINGA - BA","GUARATINGA "," BA",-16.58081,-39.783182,9,40.96,35.65,45.68,"2911808","Set"
"GUARATINGA - BA","GUARATINGA "," BA",-16.58081,-39.783182,8,36,30.11,39.48,"2911808","Ago"
"GUARATINGA - BA","GUARATINGA "," BA",-16.58081,-39.783182,7,35.67,30.33,40.83,"2911808","Jul"
"GUARATINGA - BA","GUARATINGA "," BA",-16.58081,-39.783182,6,40.26,35.4,49.08,"2911808","Jun"
"GUARATINGA - BA","GUARATINGA "," BA",-16.58081,-39.783182,5,48.68,43.17,59.76,"2911808","Mai"
"GUARATINGA - BA","GUARATINGA "," BA",-16.58081,-39.783182,4,59.26,51.45,70.52,"2911808","Abr"
"GUARATINGA - BA","GUARATINGA "," BA",-16.58081,-39.783182,3,68.32,59.32,78.36,"2911808","Mar"
"GUARATINGA - BA","GUARATINGA "," BA",-16.58081,-39.783182,2,73.93,64.88,82.85,"2911808","Fev"
"GUARATINGA - BA","GUARATINGA "," BA",-16.58081,-39.783182,1,74.56,67.02,81.63,"2911808","Jan"
"IGUATU - CE","IGUATU "," CE",-6.39638888,-39.26888888,12,43.42,38.91,48.04,"2305506","Dez"
"IGUATU - CE","IGUATU "," CE",-6.39638888,-39.26888888,11,30.35,27.26,34.54,"2305506","Nov"
"IGUATU - CE","IGUATU "," CE",-6.39638888,-39.26888888,10,26.42,23.57,29.81,"2305506","Out"
"IGUATU - CE","IGUATU "," CE",-6.39638888,-39.26888888,9,30.86,26.76,33.3,"2305506","Set"
"IGUATU - CE","IGUATU "," CE",-6.39638888,-39.26888888,8,41.1,34.99,43.65,"2305506","Ago"
"IGUATU - CE","IGUATU "," CE",-6.39638888,-39.26888888,7,55.39,47.65,57.93,"2305506","Jul"
"IGUATU - CE","IGUATU "," CE",-6.39638888,-39.26888888,6,73.11,64.07,76,"2305506","Jun"
"IGUATU - CE","IGUATU "," CE",-6.39638888,-39.26888888,5,89.75,79.33,94.09,"2305506","Mai"
"IGUATU - CE","IGUATU "," CE",-6.39638888,-39.26888888,4,98.31,87.52,104.19,"2305506","Abr"
"IGUATU - CE","IGUATU "," CE",-6.39638888,-39.26888888,3,95.57,84.74,101.6,"2305506","Mar"
"IGUATU - CE","IGUATU "," CE",-6.39638888,-39.26888888,2,82.13,72.92,88.11,"2305506","Fev"
"IGUATU - CE","IGUATU "," CE",-6.39638888,-39.26888888,1,62.7,55.8,67.8,"2305506","Jan"
"IMPERATRIZ - MA","IMPERATRIZ "," MA",-5.53638888,-47.47888888,12,94.71,90.15,103.04,"2105302","Dez"
"IMPERATRIZ - MA","IMPERATRIZ "," MA",-5.53638888,-47.47888888,11,78.86,74.51,85.33,"2105302","Nov"
"IMPERATRIZ - MA","IMPERATRIZ "," MA",-5.53638888,-47.47888888,10,59.68,54.12,63.94,"2105302","Out"
"IMPERATRIZ - MA","IMPERATRIZ "," MA",-5.53638888,-47.47888888,9,41.96,35.41,44.27,"2105302","Set"
"IMPERATRIZ - MA","IMPERATRIZ "," MA",-5.53638888,-47.47888888,8,28.49,23.15,32,"2105302","Ago"
"IMPERATRIZ - MA","IMPERATRIZ "," MA",-5.53638888,-47.47888888,7,24.1,21.11,27.82,"2105302","Jul"
"IMPERATRIZ - MA","IMPERATRIZ "," MA",-5.53638888,-47.47888888,6,31.17,27.39,33.84,"2105302","Jun"
"IMPERATRIZ - MA","IMPERATRIZ "," MA",-5.53638888,-47.47888888,5,47.02,42.81,50.95,"2105302","Mai"
"IMPERATRIZ - MA","IMPERATRIZ "," MA",-5.53638888,-47.47888888,4,67.21,63.16,74.98,"2105302","Abr"
"IMPERATRIZ - MA","IMPERATRIZ "," MA",-5.53638888,-47.47888888,3,86.44,82.61,96.42,"2105302","Mar"
"IMPERATRIZ - MA","IMPERATRIZ "," MA",-5.53638888,-47.47888888,2,99.64,95.31,111.16,"2105302","Fev"
"IMPERATRIZ - MA","IMPERATRIZ "," MA",-5.53638888,-47.47888888,1,102.33,98.04,112.77,"2105302","Jan"
"IRECE - BA","IRECE "," BA",-11.31138888,-41.85861111,12,51.79,48.74,55.27,"2914604","Dez"
"IRECE - BA","IRECE "," BA",-11.31138888,-41.85861111,11,41.53,39.21,43.86,"2914604","Nov"
"IRECE - BA","IRECE "," BA",-11.31138888,-41.85861111,10,29.97,28.16,31.71,"2914604","Out"
"IRECE - BA","IRECE "," BA",-11.31138888,-41.85861111,9,20.87,18.76,22.16,"2914604","Set"
"IRECE - BA","IRECE "," BA",-11.31138888,-41.85861111,8,16.48,14.07,17.78,"2914604","Ago"
"IRECE - BA","IRECE "," BA",-11.31138888,-41.85861111,7,17.97,15.96,19.23,"2914604","Jul"
"IRECE - BA","IRECE "," BA",-11.31138888,-41.85861111,6,24.37,23,25.72,"2914604","Jun"
"IRECE - BA","IRECE "," BA",-11.31138888,-41.85861111,5,34.22,32.54,36.25,"2914604","Mai"
"IRECE - BA","IRECE "," BA",-11.31138888,-41.85861111,4,44.87,42.92,47.67,"2914604","Abr"
"IRECE - BA","IRECE "," BA",-11.31138888,-41.85861111,3,53.8,51.46,57.11,"2914604","Mar"
"IRECE - BA","IRECE "," BA",-11.31138888,-41.85861111,2,58.77,55.58,62.86,"2914604","Fev"
"IRECE - BA","IRECE "," BA",-11.31138888,-41.85861111,1,57.97,54.62,62.38,"2914604","Jan"
"ITABAIANINHA - SE","ITABAIANINHA "," SE",-11.272334,-37.794973,12,46.43,42.88,50.48,"2803005","Dez"
"ITABAIANINHA - SE","ITABAIANINHA "," SE",-11.272334,-37.794973,11,41.3,38.03,45.29,"2803005","Nov"
"ITABAIANINHA - SE","ITABAIANINHA "," SE",-11.272334,-37.794973,10,38.96,35.51,42.82,"2803005","Out"
"ITABAIANINHA - SE","ITABAIANINHA "," SE",-11.272334,-37.794973,9,40.1,35.69,45.52,"2803005","Set"
"ITABAIANINHA - SE","ITABAIANINHA "," SE",-11.272334,-37.794973,8,44.43,39.39,50.32,"2803005","Ago"
"ITABAIANINHA - SE","ITABAIANINHA "," SE",-11.272334,-37.794973,7,51.44,45.94,56.76,"2803005","Jul"
"ITABAIANINHA - SE","ITABAIANINHA "," SE",-11.272334,-37.794973,6,59.09,53.82,63.51,"2803005","Jun"
"ITABAIANINHA - SE","ITABAIANINHA "," SE",-11.272334,-37.794973,5,64.46,59.52,68.63,"2803005","Mai"
"ITABAIANINHA - SE","ITABAIANINHA "," SE",-11.272334,-37.794973,4,66.42,61.78,70.47,"2803005","Abr"
"ITABAIANINHA - SE","ITABAIANINHA "," SE",-11.272334,-37.794973,3,64.71,59.88,68.93,"2803005","Mar"
"ITABAIANINHA - SE","ITABAIANINHA "," SE",-11.272334,-37.794973,2,59.56,55.09,64.28,"2803005","Fev"
"ITABAIANINHA - SE","ITABAIANINHA "," SE",-11.272334,-37.794973,1,53.01,48.94,57.57,"2803005","Jan"
"ITUACU - BA","ITUACU "," BA",-13.81277777,-41.29972221,12,55.57,51.6,61.76,"2917201","Dez"
"ITUACU - BA","ITUACU "," BA",-13.81277777,-41.29972221,11,46.62,43.26,51.91,"2917201","Nov"
"ITUACU - BA","ITUACU "," BA",-13.81277777,-41.29972221,10,35.5,32.29,39.19,"2917201","Out"
"ITUACU - BA","ITUACU "," BA",-13.81277777,-41.29972221,9,25.99,22.91,28.49,"2917201","Set"
"ITUACU - BA","ITUACU "," BA",-13.81277777,-41.29972221,8,19.55,16.69,21.14,"2917201","Ago"
"ITUACU - BA","ITUACU "," BA",-13.81277777,-41.29972221,7,16.57,14.19,19.58,"2917201","Jul"
"ITUACU - BA","ITUACU "," BA",-13.81277777,-41.29972221,6,18.32,16.21,23.18,"2917201","Jun"
"ITUACU - BA","ITUACU "," BA",-13.81277777,-41.29972221,5,25.32,23.1,31.23,"2917201","Mai"
"ITUACU - BA","ITUACU "," BA",-13.81277777,-41.29972221,4,36.17,33.52,41.77,"2917201","Abr"
"ITUACU - BA","ITUACU "," BA",-13.81277777,-41.29972221,3,47.67,43.97,53.73,"2917201","Mar"
"ITUACU - BA","ITUACU "," BA",-13.81277777,-41.29972221,2,56.1,51.83,61.78,"2917201","Fev"
"ITUACU - BA","ITUACU "," BA",-13.81277777,-41.29972221,1,59.18,54.8,64.93,"2917201","Jan"
"JACOBINA - BA","JACOBINA "," BA",-11.17277777,-40.53416666,12,67.09,61.52,71.31,"2917508","Dez"
"JACOBINA - BA","JACOBINA "," BA",-11.17277777,-40.53416666,11,59.65,54.88,63.46,"2917508","Nov"
"JACOBINA - BA","JACOBINA "," BA",-11.17277777,-40.53416666,10,49.97,46.45,52.49,"2917508","Out"
"JACOBINA - BA","JACOBINA "," BA",-11.17277777,-40.53416666,9,40.64,37.84,42.67,"2917508","Set"
"JACOBINA - BA","JACOBINA "," BA",-11.17277777,-40.53416666,8,33.73,31.13,36.56,"2917508","Ago"
"JACOBINA - BA","JACOBINA "," BA",-11.17277777,-40.53416666,7,30.12,28.11,34.14,"2917508","Jul"
"JACOBINA - BA","JACOBINA "," BA",-11.17277777,-40.53416666,6,31.71,29.64,36.35,"2917508","Jun"
"JACOBINA - BA","JACOBINA "," BA",-11.17277777,-40.53416666,5,38.52,35.91,41.67,"2917508","Mai"
"JACOBINA - BA","JACOBINA "," BA",-11.17277777,-40.53416666,4,48.05,45.21,51.19,"2917508","Abr"
"JACOBINA - BA","JACOBINA "," BA",-11.17277777,-40.53416666,3,58.5,54.25,62.42,"2917508","Mar"
"JACOBINA - BA","JACOBINA "," BA",-11.17277777,-40.53416666,2,66.44,61.71,70.79,"2917508","Fev"
"JACOBINA - BA","JACOBINA "," BA",-11.17277777,-40.53416666,1,69.65,64.02,74.21,"2917508","Jan"
"LENCOIS - BA","LENCOIS "," BA",-12.557854,-41.388808,12,85.98,75.25,91.54,"2919306","Dez"
"LENCOIS - BA","LENCOIS "," BA",-12.557854,-41.388808,11,72.24,64.7,76.85,"2919306","Nov"
"LENCOIS - BA","LENCOIS "," BA",-12.557854,-41.388808,10,57.18,52.62,60.51,"2919306","Out"
"LENCOIS - BA","LENCOIS "," BA",-12.557854,-41.388808,9,45.64,42.86,47.67,"2919306","Set"
"LENCOIS - BA","LENCOIS "," BA",-12.557854,-41.388808,8,39.25,37.08,41.21,"2919306","Ago"
"LENCOIS - BA","LENCOIS "," BA",-12.557854,-41.388808,7,38.55,34.89,41.82,"2919306","Jul"
"LENCOIS - BA","LENCOIS "," BA",-12.557854,-41.388808,6,43.6,38.88,48.2,"2919306","Jun"
"LENCOIS - BA","LENCOIS "," BA",-12.557854,-41.388808,5,54.05,49.08,59.9,"2919306","Mai"
"LENCOIS - BA","LENCOIS "," BA",-12.557854,-41.388808,4,67.72,62.21,75.42,"2919306","Abr"
"LENCOIS - BA","LENCOIS "," BA",-12.557854,-41.388808,3,81.21,73.33,89.7,"2919306","Mar"
"LENCOIS - BA","LENCOIS "," BA",-12.557854,-41.388808,2,90.31,79.6,98.74,"2919306","Fev"
"LENCOIS - BA","LENCOIS "," BA",-12.557854,-41.388808,1,92.24,80.6,99.88,"2919306","Jan"
"LUZILANDIA - PI","LUZILANDIA "," PI",-3.46972221,-42.26805554,12,70.76,66.94,76.43,"2205805","Dez"
"LUZILANDIA - PI","LUZILANDIA "," PI",-3.46972221,-42.26805554,11,50.96,48.27,55.37,"2205805","Nov"
"LUZILANDIA - PI","LUZILANDIA "," PI",-3.46972221,-42.26805554,10,35.42,33.27,37.6,"2205805","Out"
"LUZILANDIA - PI","LUZILANDIA "," PI",-3.46972221,-42.26805554,9,24.61,23.17,27.24,"2205805","Set"
"LUZILANDIA - PI","LUZILANDIA "," PI",-3.46972221,-42.26805554,8,20.06,18.46,24.11,"2205805","Ago"
"LUZILANDIA - PI","LUZILANDIA "," PI",-3.46972221,-42.26805554,7,24.52,22.37,29.41,"2205805","Jul"
"LUZILANDIA - PI","LUZILANDIA "," PI",-3.46972221,-42.26805554,6,38.57,35.65,44.16,"2205805","Jun"
"LUZILANDIA - PI","LUZILANDIA "," PI",-3.46972221,-42.26805554,5,58.58,54.12,64.8,"2205805","Mai"
"LUZILANDIA - PI","LUZILANDIA "," PI",-3.46972221,-42.26805554,4,79.22,72.91,85.84,"2205805","Abr"
"LUZILANDIA - PI","LUZILANDIA "," PI",-3.46972221,-42.26805554,3,94.16,86.9,102.21,"2205805","Mar"
"LUZILANDIA - PI","LUZILANDIA "," PI",-3.46972221,-42.26805554,2,98.02,91.2,106.2,"2205805","Fev"
"LUZILANDIA - PI","LUZILANDIA "," PI",-3.46972221,-42.26805554,1,89.22,83.6,96.36,"2205805","Jan"
"MACEIO - AL","MACEIO "," AL",-9.55138888,-35.77083332,12,48.44,42.35,53.78,"2704302","Dez"
"MACEIO - AL","MACEIO "," AL",-9.55138888,-35.77083332,11,51.55,45.5,55.1,"2704302","Nov"
"MACEIO - AL","MACEIO "," AL",-9.55138888,-35.77083332,10,59.74,54.07,64.26,"2704302","Out"
"MACEIO - AL","MACEIO "," AL",-9.55138888,-35.77083332,9,71.95,66.83,78.05,"2704302","Set"
"MACEIO - AL","MACEIO "," AL",-9.55138888,-35.77083332,8,85.79,80.01,92.61,"2704302","Ago"
"MACEIO - AL","MACEIO "," AL",-9.55138888,-35.77083332,7,97.11,90.76,103.89,"2704302","Jul"
"MACEIO - AL","MACEIO "," AL",-9.55138888,-35.77083332,6,101.94,95.04,108.64,"2704302","Jun"
"MACEIO - AL","MACEIO "," AL",-9.55138888,-35.77083332,5,98.45,91.63,106.66,"2704302","Mai"
"MACEIO - AL","MACEIO "," AL",-9.55138888,-35.77083332,4,88.11,80.95,97.59,"2704302","Abr"
"MACEIO - AL","MACEIO "," AL",-9.55138888,-35.77083332,3,74.08,66.96,84.09,"2704302","Mar"
"MACEIO - AL","MACEIO "," AL",-9.55138888,-35.77083332,2,60.75,52.68,70.36,"2704302","Fev"
"MACEIO - AL","MACEIO "," AL",-9.55138888,-35.77083332,1,51.4,44.55,59.62,"2704302","Jan"
"MONTEIRO - PB","MONTEIRO "," PB",-7.89444444,-37.12472221,12,52.31,47.95,54.48,"2509701","Dez"
"MONTEIRO - PB","MONTEIRO "," PB",-7.89444444,-37.12472221,11,38.53,35.02,40.76,"2509701","Nov"
"MONTEIRO - PB","MONTEIRO "," PB",-7.89444444,-37.12472221,10,28.9,26.14,32.33,"2509701","Out"
"MONTEIRO - PB","MONTEIRO "," PB",-7.89444444,-37.12472221,9,23.07,20.8,28.24,"2509701","Set"
"MONTEIRO - PB","MONTEIRO "," PB",-7.89444444,-37.12472221,8,22.45,20.7,27.87,"2509701","Ago"
"MONTEIRO - PB","MONTEIRO "," PB",-7.89444444,-37.12472221,7,29.3,26.97,33.53,"2509701","Jul"
"MONTEIRO - PB","MONTEIRO "," PB",-7.89444444,-37.12472221,6,42.08,39.01,46.85,"2509701","Jun"
"MONTEIRO - PB","MONTEIRO "," PB",-7.89444444,-37.12472221,5,58.1,54.1,63.49,"2509701","Mai"
"MONTEIRO - PB","MONTEIRO "," PB",-7.89444444,-37.12472221,4,72.51,67.44,77.46,"2509701","Abr"
"MONTEIRO - PB","MONTEIRO "," PB",-7.89444444,-37.12472221,3,79.97,75.27,84.62,"2509701","Mar"
"MONTEIRO - PB","MONTEIRO "," PB",-7.89444444,-37.12472221,2,78.11,74.58,82.48,"2509701","Fev"
"MONTEIRO - PB","MONTEIRO "," PB",-7.89444444,-37.12472221,1,67.49,63.7,71.28,"2509701","Jan"
"MORADA NOVA - CE","MORADA NOVA "," CE",-5.13666666,-38.35666666,12,37.89,30.78,43.71,"2308708","Dez"
"MORADA NOVA - CE","MORADA NOVA "," CE",-5.13666666,-38.35666666,11,27.73,22.14,31.21,"2308708","Nov"
"MORADA NOVA - CE","MORADA NOVA "," CE",-5.13666666,-38.35666666,10,20.5,15.69,22.15,"2308708","Out"
"MORADA NOVA - CE","MORADA NOVA "," CE",-5.13666666,-38.35666666,9,16.86,14.15,18.18,"2308708","Set"
"MORADA NOVA - CE","MORADA NOVA "," CE",-5.13666666,-38.35666666,8,18.29,15.23,20.39,"2308708","Ago"
"MORADA NOVA - CE","MORADA NOVA "," CE",-5.13666666,-38.35666666,7,25.03,20.86,27.3,"2308708","Jul"
"MORADA NOVA - CE","MORADA NOVA "," CE",-5.13666666,-38.35666666,6,33.86,30.83,37.16,"2308708","Jun"
"MORADA NOVA - CE","MORADA NOVA "," CE",-5.13666666,-38.35666666,5,44.83,41.17,48.54,"2308708","Mai"
"MORADA NOVA - CE","MORADA NOVA "," CE",-5.13666666,-38.35666666,4,52.55,48.41,59.97,"2308708","Abr"
"MORADA NOVA - CE","MORADA NOVA "," CE",-5.13666666,-38.35666666,3,55.44,49.83,65.77,"2308708","Mar"
"MORADA NOVA - CE","MORADA NOVA "," CE",-5.13666666,-38.35666666,2,53.76,46.92,64.49,"2308708","Fev"
"MORADA NOVA - CE","MORADA NOVA "," CE",-5.13666666,-38.35666666,1,47.19,39.97,56.28,"2308708","Jan"
"MORRO DO CHAPEU - BA","MORRO DO CHAPEU "," BA",-11.547494,-41.151165,12,52.65,47.72,57.2,"2921708","Dez"
"MORRO DO CHAPEU - BA","MORRO DO CHAPEU "," BA",-11.547494,-41.151165,11,46.58,43.53,50.3,"2921708","Nov"
"MORRO DO CHAPEU - BA","MORRO DO CHAPEU "," BA",-11.547494,-41.151165,10,38.43,36.82,41.86,"2921708","Out"
"MORRO DO CHAPEU - BA","MORRO DO CHAPEU "," BA",-11.547494,-41.151165,9,31.06,30.21,33.7,"2921708","Set"
"MORRO DO CHAPEU - BA","MORRO DO CHAPEU "," BA",-11.547494,-41.151165,8,25.47,24.71,26.67,"2921708","Ago"
"MORRO DO CHAPEU - BA","MORRO DO CHAPEU "," BA",-11.547494,-41.151165,7,21.96,21,23.28,"2921708","Jul"
"MORRO DO CHAPEU - BA","MORRO DO CHAPEU "," BA",-11.547494,-41.151165,6,21.31,19.56,23.41,"2921708","Jun"
"MORRO DO CHAPEU - BA","MORRO DO CHAPEU "," BA",-11.547494,-41.151165,5,24.64,22.84,27.7,"2921708","Mai"
"MORRO DO CHAPEU - BA","MORRO DO CHAPEU "," BA",-11.547494,-41.151165,4,31.61,28.57,35.36,"2921708","Abr"
"MORRO DO CHAPEU - BA","MORRO DO CHAPEU "," BA",-11.547494,-41.151165,3,40.85,36.14,45.49,"2921708","Mar"
"MORRO DO CHAPEU - BA","MORRO DO CHAPEU "," BA",-11.547494,-41.151165,2,49.17,43.25,54.41,"2921708","Fev"
"MORRO DO CHAPEU - BA","MORRO DO CHAPEU "," BA",-11.547494,-41.151165,1,53.81,47.78,58.83,"2921708","Jan"
"NATAL - RN","NATAL "," RN",-5.83722221,-35.20777777,12,33.42,30.24,36.91,"2408102","Dez"
"NATAL - RN","NATAL "," RN",-5.83722221,-35.20777777,11,32.87,30.09,36.52,"2408102","Nov"
"NATAL - RN","NATAL "," RN",-5.83722221,-35.20777777,10,42.37,39.21,46.35,"2408102","Out"
"NATAL - RN","NATAL "," RN",-5.83722221,-35.20777777,9,59.26,54.07,64.56,"2408102","Set"
"NATAL - RN","NATAL "," RN",-5.83722221,-35.20777777,8,82.06,73.67,88.67,"2408102","Ago"
"NATAL - RN","NATAL "," RN",-5.83722221,-35.20777777,7,105.09,95.59,113.25,"2408102","Jul"
"NATAL - RN","NATAL "," RN",-5.83722221,-35.20777777,6,119.91,112.14,128.8,"2408102","Jun"
"NATAL - RN","NATAL "," RN",-5.83722221,-35.20777777,5,121.94,115.16,130.3,"2408102","Mai"
"NATAL - RN","NATAL "," RN",-5.83722221,-35.20777777,4,110.89,104.43,118.04,"2408102","Abr"
"NATAL - RN","NATAL "," RN",-5.83722221,-35.20777777,3,89.82,84.46,95.53,"2408102","Mar"
"NATAL - RN","NATAL "," RN",-5.83722221,-35.20777777,2,65.59,61.13,70.07,"2408102","Fev"
"NATAL - RN","NATAL "," RN",-5.83722221,-35.20777777,1,45.05,41.02,48.43,"2408102","Jan"
"OURICURI - PE","OURICURI "," PE",-7.87944443,-40.09194444,12,70.77,62.07,77.27,"2609907","Dez"
"OURICURI - PE","OURICURI "," PE",-7.87944443,-40.09194444,11,56.37,49.04,62.32,"2609907","Nov"
"OURICURI - PE","OURICURI "," PE",-7.87944443,-40.09194444,10,41.27,35.97,47,"2609907","Out"
"OURICURI - PE","OURICURI "," PE",-7.87944443,-40.09194444,9,30.11,25.87,34.92,"2609907","Set"
"OURICURI - PE","OURICURI "," PE",-7.87944443,-40.09194444,8,22.53,19.39,26.64,"2609907","Ago"
"OURICURI - PE","OURICURI "," PE",-7.87944443,-40.09194444,7,18.8,15.89,22.56,"2609907","Jul"
"OURICURI - PE","OURICURI "," PE",-7.87944443,-40.09194444,6,21.74,19.02,25.6,"2609907","Jun"
"OURICURI - PE","OURICURI "," PE",-7.87944443,-40.09194444,5,32.43,29.44,36.89,"2609907","Mai"
"OURICURI - PE","OURICURI "," PE",-7.87944443,-40.09194444,4,48.05,44.53,53.71,"2609907","Abr"
"OURICURI - PE","OURICURI "," PE",-7.87944443,-40.09194444,3,64.11,58.43,70.42,"2609907","Mar"
"OURICURI - PE","OURICURI "," PE",-7.87944443,-40.09194444,2,75.59,68.12,82.17,"2609907","Fev"
"OURICURI - PE","OURICURI "," PE",-7.87944443,-40.09194444,1,77.91,69.25,84.84,"2609907","Jan"
"PALMEIRA DOS INDIOS - AL","PALMEIRA DOS INDIOS "," AL",-9.42027777,-36.62027777,12,29.63,27.09,31.83,"2706307","Dez"
"PALMEIRA DOS INDIOS - AL","PALMEIRA DOS INDIOS "," AL",-9.42027777,-36.62027777,11,24.08,21.87,26.07,"2706307","Nov"
"PALMEIRA DOS INDIOS - AL","PALMEIRA DOS INDIOS "," AL",-9.42027777,-36.62027777,10,22.67,20.79,24.93,"2706307","Out"
"PALMEIRA DOS INDIOS - AL","PALMEIRA DOS INDIOS "," AL",-9.42027777,-36.62027777,9,25.67,23.67,28.57,"2706307","Set"
"PALMEIRA DOS INDIOS - AL","PALMEIRA DOS INDIOS "," AL",-9.42027777,-36.62027777,8,33.15,30.06,36.3,"2706307","Ago"
"PALMEIRA DOS INDIOS - AL","PALMEIRA DOS INDIOS "," AL",-9.42027777,-36.62027777,7,42.58,38.75,45.89,"2706307","Jul"
"PALMEIRA DOS INDIOS - AL","PALMEIRA DOS INDIOS "," AL",-9.42027777,-36.62027777,6,50.93,47.7,55.14,"2706307","Jun"
"PALMEIRA DOS INDIOS - AL","PALMEIRA DOS INDIOS "," AL",-9.42027777,-36.62027777,5,56.29,53.89,61.17,"2706307","Mai"
"PALMEIRA DOS INDIOS - AL","PALMEIRA DOS INDIOS "," AL",-9.42027777,-36.62027777,4,57.09,53.99,62.03,"2706307","Abr"
"PALMEIRA DOS INDIOS - AL","PALMEIRA DOS INDIOS "," AL",-9.42027777,-36.62027777,3,53.89,49.79,57.62,"2706307","Mar"
"PALMEIRA DOS INDIOS - AL","PALMEIRA DOS INDIOS "," AL",-9.42027777,-36.62027777,2,46.86,42.86,49.49,"2706307","Fev"
"PALMEIRA DOS INDIOS - AL","PALMEIRA DOS INDIOS "," AL",-9.42027777,-36.62027777,1,37.99,35.11,40.21,"2706307","Jan"
"PAO DE ACUCAR - AL","PAO DE ACUCAR "," AL",-9.74916666,-37.43083332,12,26.46,23.95,28.76,"2706406","Dez"
"PAO DE ACUCAR - AL","PAO DE ACUCAR "," AL",-9.74916666,-37.43083332,11,22.36,20.56,24.44,"2706406","Nov"
"PAO DE ACUCAR - AL","PAO DE ACUCAR "," AL",-9.74916666,-37.43083332,10,20.62,19.1,22.51,"2706406","Out"
"PAO DE ACUCAR - AL","PAO DE ACUCAR "," AL",-9.74916666,-37.43083332,9,21.56,19.31,24.13,"2706406","Set"
"PAO DE ACUCAR - AL","PAO DE ACUCAR "," AL",-9.74916666,-37.43083332,8,25.23,22.73,28.76,"2706406","Ago"
"PAO DE ACUCAR - AL","PAO DE ACUCAR "," AL",-9.74916666,-37.43083332,7,31.2,28.02,35.47,"2706406","Jul"
"PAO DE ACUCAR - AL","PAO DE ACUCAR "," AL",-9.74916666,-37.43083332,6,37.79,33.84,41.9,"2706406","Jun"
"PAO DE ACUCAR - AL","PAO DE ACUCAR "," AL",-9.74916666,-37.43083332,5,42.2,38.34,46.44,"2706406","Mai"
"PAO DE ACUCAR - AL","PAO DE ACUCAR "," AL",-9.74916666,-37.43083332,4,44.14,40.6,48.32,"2706406","Abr"
"PAO DE ACUCAR - AL","PAO DE ACUCAR "," AL",-9.74916666,-37.43083332,3,41.87,39.24,46.28,"2706406","Mar"
"PAO DE ACUCAR - AL","PAO DE ACUCAR "," AL",-9.74916666,-37.43083332,2,37.35,35.08,41.29,"2706406","Fev"
"PAO DE ACUCAR - AL","PAO DE ACUCAR "," AL",-9.74916666,-37.43083332,1,31.98,29.45,34.97,"2706406","Jan"
"PATOS - PB","PATOS "," PB",-7.05361111,-37.27388888,12,42.12,36.7,46.66,"2510808","Dez"
"PATOS - PB","PATOS "," PB",-7.05361111,-37.27388888,11,26.06,22.23,29.92,"2510808","Nov"
"PATOS - PB","PATOS "," PB",-7.05361111,-37.27388888,10,19.3,16.66,21.65,"2510808","Out"
"PATOS - PB","PATOS "," PB",-7.05361111,-37.27388888,9,21.91,20.37,23.42,"2510808","Set"
"PATOS - PB","PATOS "," PB",-7.05361111,-37.27388888,8,30.94,29.64,32.14,"2510808","Ago"
"PATOS - PB","PATOS "," PB",-7.05361111,-37.27388888,7,43.28,42.04,45,"2510808","Jul"
"PATOS - PB","PATOS "," PB",-7.05361111,-37.27388888,6,59.92,57.35,62.43,"2510808","Jun"
"PATOS - PB","PATOS "," PB",-7.05361111,-37.27388888,5,79.11,74.19,82.19,"2510808","Mai"
"PATOS - PB","PATOS "," PB",-7.05361111,-37.27388888,4,92.36,85.56,95.8,"2510808","Abr"
"PATOS - PB","PATOS "," PB",-7.05361111,-37.27388888,3,93.84,85.83,97.21,"2510808","Mar"
"PATOS - PB","PATOS "," PB",-7.05361111,-37.27388888,2,82.8,74.99,86.86,"2510808","Fev"
"PATOS - PB","PATOS "," PB",-7.05361111,-37.27388888,1,63.42,56.57,67.81,"2510808","Jan"
"PAULISTANA - PI","PAULISTANA "," PI",-8.13222221,-41.14305555,12,71.59,69.05,76.06,"2207801","Dez"
"PAULISTANA - PI","PAULISTANA "," PI",-8.13222221,-41.14305555,11,56.93,55.01,59.66,"2207801","Nov"
"PAULISTANA - PI","PAULISTANA "," PI",-8.13222221,-41.14305555,10,40.52,38.91,42,"2207801","Out"
"PAULISTANA - PI","PAULISTANA "," PI",-8.13222221,-41.14305555,9,28.03,26.35,29.05,"2207801","Set"
"PAULISTANA - PI","PAULISTANA "," PI",-8.13222221,-41.14305555,8,18.83,17.6,20.04,"2207801","Ago"
"PAULISTANA - PI","PAULISTANA "," PI",-8.13222221,-41.14305555,7,13.96,12.87,15.48,"2207801","Jul"
"PAULISTANA - PI","PAULISTANA "," PI",-8.13222221,-41.14305555,6,16.45,14.88,17.95,"2207801","Jun"
"PAULISTANA - PI","PAULISTANA "," PI",-8.13222221,-41.14305555,5,27.21,25.26,29.33,"2207801","Mai"
"PAULISTANA - PI","PAULISTANA "," PI",-8.13222221,-41.14305555,4,43.56,41.13,46.98,"2207801","Abr"
"PAULISTANA - PI","PAULISTANA "," PI",-8.13222221,-41.14305555,3,61.06,58.07,65.42,"2207801","Mar"
"PAULISTANA - PI","PAULISTANA "," PI",-8.13222221,-41.14305555,2,74.02,70.54,78.76,"2207801","Fev"
"PAULISTANA - PI","PAULISTANA "," PI",-8.13222221,-41.14305555,1,78.25,74.76,82.7,"2207801","Jan"
"PETROLINA - PE","PETROLINA "," PE",-9.3886111,-40.52333332,12,43.14,41.33,46.45,"2611101","Dez"
"PETROLINA - PE","PETROLINA "," PE",-9.3886111,-40.52333332,11,35.45,34.37,38.05,"2611101","Nov"
"PETROLINA - PE","PETROLINA "," PE",-9.3886111,-40.52333332,10,26.87,26.15,28.72,"2611101","Out"
"PETROLINA - PE","PETROLINA "," PE",-9.3886111,-40.52333332,9,19.79,18.9,21.28,"2611101","Set"
"PETROLINA - PE","PETROLINA "," PE",-9.3886111,-40.52333332,8,15.28,14.3,16.4,"2611101","Ago"
"PETROLINA - PE","PETROLINA "," PE",-9.3886111,-40.52333332,7,14.45,13.46,15.47,"2611101","Jul"
"PETROLINA - PE","PETROLINA "," PE",-9.3886111,-40.52333332,6,17.99,16.76,19.33,"2611101","Jun"
"PETROLINA - PE","PETROLINA "," PE",-9.3886111,-40.52333332,5,25.01,23.85,27.03,"2611101","Mai"
"PETROLINA - PE","PETROLINA "," PE",-9.3886111,-40.52333332,4,34.03,32.47,36.01,"2611101","Abr"
"PETROLINA - PE","PETROLINA "," PE",-9.3886111,-40.52333332,3,42.34,40.18,44.39,"2611101","Mar"
"PETROLINA - PE","PETROLINA "," PE",-9.3886111,-40.52333332,2,47.23,45.13,50.14,"2611101","Fev"
"PETROLINA - PE","PETROLINA "," PE",-9.3886111,-40.52333332,1,47.43,45.49,50.84,"2611101","Jan"
"PICOS - PI","PICOS "," PI",-7.08083332,-41.43499999,12,49.37,46.24,52.14,"2208007","Dez"
"PICOS - PI","PICOS "," PI",-7.08083332,-41.43499999,11,32.23,30.28,35.49,"2208007","Nov"
"PICOS - PI","PICOS "," PI",-7.08083332,-41.43499999,10,19.9,18.19,22.48,"2208007","Out"
"PICOS - PI","PICOS "," PI",-7.08083332,-41.43499999,9,15.15,12.94,16.46,"2208007","Set"
"PICOS - PI","PICOS "," PI",-7.08083332,-41.43499999,8,17.74,15.99,18.61,"2208007","Ago"
"PICOS - PI","PICOS "," PI",-7.08083332,-41.43499999,7,24.89,23.94,25.71,"2208007","Jul"
"PICOS - PI","PICOS "," PI",-7.08083332,-41.43499999,6,35.98,34.86,36.77,"2208007","Jun"
"PICOS - PI","PICOS "," PI",-7.08083332,-41.43499999,5,51.64,50.21,52.8,"2208007","Mai"
"PICOS - PI","PICOS "," PI",-7.08083332,-41.43499999,4,67.95,65.9,70.18,"2208007","Abr"
"PICOS - PI","PICOS "," PI",-7.08083332,-41.43499999,3,77.1,74.34,81,"2208007","Mar"
"PICOS - PI","PICOS "," PI",-7.08083332,-41.43499999,2,76.1,72.66,80.53,"2208007","Fev"
"PICOS - PI","PICOS "," PI",-7.08083332,-41.43499999,1,65.61,62.2,69.4,"2208007","Jan"
"PIRIPIRI - PI","PIRIPIRI "," PI",-4.2761111,-41.721691,12,78.57,75.38,80.45,"2208403","Dez"
"PIRIPIRI - PI","PIRIPIRI "," PI",-4.2761111,-41.721691,11,57.88,55.65,60.2,"2208403","Nov"
"PIRIPIRI - PI","PIRIPIRI "," PI",-4.2761111,-41.721691,10,40.56,39.14,42.89,"2208403","Out"
"PIRIPIRI - PI","PIRIPIRI "," PI",-4.2761111,-41.721691,9,27.31,26.3,29.17,"2208403","Set"
"PIRIPIRI - PI","PIRIPIRI "," PI",-4.2761111,-41.721691,8,19.8,18.39,21.46,"2208403","Ago"
"PIRIPIRI - PI","PIRIPIRI "," PI",-4.2761111,-41.721691,7,21.57,20.02,23.29,"2208403","Jul"
"PIRIPIRI - PI","PIRIPIRI "," PI",-4.2761111,-41.721691,6,34.36,32.89,36.36,"2208403","Jun"
"PIRIPIRI - PI","PIRIPIRI "," PI",-4.2761111,-41.721691,5,55.25,52.86,57.43,"2208403","Mai"
"PIRIPIRI - PI","PIRIPIRI "," PI",-4.2761111,-41.721691,4,77.95,75.41,81.91,"2208403","Abr"
"PIRIPIRI - PI","PIRIPIRI "," PI",-4.2761111,-41.721691,3,95.98,93.21,100.71,"2208403","Mar"
"PIRIPIRI - PI","PIRIPIRI "," PI",-4.2761111,-41.721691,2,102.81,99.66,107.62,"2208403","Fev"
"PIRIPIRI - PI","PIRIPIRI "," PI",-4.2761111,-41.721691,1,96.04,92.81,99.67,"2208403","Jan"
"PORTO DE PEDRAS - AL","PORTO DE PEDRAS "," AL",-9.162012,-35.299881,12,39.92,35.1,45.27,"2707404","Dez"
"PORTO DE PEDRAS - AL","PORTO DE PEDRAS "," AL",-9.162012,-35.299881,11,39.82,35.55,46.97,"2707404","Nov"
"PORTO DE PEDRAS - AL","PORTO DE PEDRAS "," AL",-9.162012,-35.299881,10,49.34,42.59,55.55,"2707404","Out"
"PORTO DE PEDRAS - AL","PORTO DE PEDRAS "," AL",-9.162012,-35.299881,9,64.8,55.67,70.27,"2707404","Set"
"PORTO DE PEDRAS - AL","PORTO DE PEDRAS "," AL",-9.162012,-35.299881,8,81.67,71.72,87.1,"2707404","Ago"
"PORTO DE PEDRAS - AL","PORTO DE PEDRAS "," AL",-9.162012,-35.299881,7,95.29,87.26,102.25,"2707404","Jul"
"PORTO DE PEDRAS - AL","PORTO DE PEDRAS "," AL",-9.162012,-35.299881,6,102.3,95.17,110.69,"2707404","Jun"
"PORTO DE PEDRAS - AL","PORTO DE PEDRAS "," AL",-9.162012,-35.299881,5,101.66,92.99,110.22,"2707404","Mai"
"PORTO DE PEDRAS - AL","PORTO DE PEDRAS "," AL",-9.162012,-35.299881,4,92.28,83.21,101.01,"2707404","Abr"
"PORTO DE PEDRAS - AL","PORTO DE PEDRAS "," AL",-9.162012,-35.299881,3,76.68,69.31,86.7,"2707404","Mar"
"PORTO DE PEDRAS - AL","PORTO DE PEDRAS "," AL",-9.162012,-35.299881,2,60.4,55.15,70.06,"2707404","Fev"
"PORTO DE PEDRAS - AL","PORTO DE PEDRAS "," AL",-9.162012,-35.299881,1,47.14,42.05,53.8,"2707404","Jan"
"PROPRIA - SE","PROPRIA "," SE",-10.21376,-36.842198,12,31.13,28.39,33.83,"2805703","Dez"
"PROPRIA - SE","PROPRIA "," SE",-10.21376,-36.842198,11,25.78,23.7,28.12,"2805703","Nov"
"PROPRIA - SE","PROPRIA "," SE",-10.21376,-36.842198,10,25.5,23.21,27.32,"2805703","Out"
"PROPRIA - SE","PROPRIA "," SE",-10.21376,-36.842198,9,30.19,27.03,32.21,"2805703","Set"
"PROPRIA - SE","PROPRIA "," SE",-10.21376,-36.842198,8,38.55,35.39,41.16,"2805703","Ago"
"PROPRIA - SE","PROPRIA "," SE",-10.21376,-36.842198,7,48.79,45.42,52.23,"2805703","Jul"
"PROPRIA - SE","PROPRIA "," SE",-10.21376,-36.842198,6,57.81,53.59,61.49,"2805703","Jun"
"PROPRIA - SE","PROPRIA "," SE",-10.21376,-36.842198,5,62.84,58.58,66.87,"2805703","Mai"
"PROPRIA - SE","PROPRIA "," SE",-10.21376,-36.842198,4,62.76,59.17,67.17,"2805703","Abr"
"PROPRIA - SE","PROPRIA "," SE",-10.21376,-36.842198,3,57.84,53.9,62.35,"2805703","Mar"
"PROPRIA - SE","PROPRIA "," SE",-10.21376,-36.842198,2,49.32,45.51,52.96,"2805703","Fev"
"PROPRIA - SE","PROPRIA "," SE",-10.21376,-36.842198,1,39.65,36.12,43.04,"2805703","Jan"
"QUIXERAMOBIM - CE","QUIXERAMOBIM "," CE",-5.17305554,-39.28722221,12,34.18,33.22,36.22,"2311405","Dez"
"QUIXERAMOBIM - CE","QUIXERAMOBIM "," CE",-5.17305554,-39.28722221,11,23.51,22.47,24.55,"2311405","Nov"
"QUIXERAMOBIM - CE","QUIXERAMOBIM "," CE",-5.17305554,-39.28722221,10,16,14.8,16.88,"2311405","Out"
"QUIXERAMOBIM - CE","QUIXERAMOBIM "," CE",-5.17305554,-39.28722221,9,12.28,10.91,13.53,"2311405","Set"
"QUIXERAMOBIM - CE","QUIXERAMOBIM "," CE",-5.17305554,-39.28722221,8,14.3,12.56,16.59,"2311405","Ago"
"QUIXERAMOBIM - CE","QUIXERAMOBIM "," CE",-5.17305554,-39.28722221,7,23.01,20.56,26.26,"2311405","Jul"
"QUIXERAMOBIM - CE","QUIXERAMOBIM "," CE",-5.17305554,-39.28722221,6,36.77,34,40.15,"2311405","Jun"
"QUIXERAMOBIM - CE","QUIXERAMOBIM "," CE",-5.17305554,-39.28722221,5,51.32,48.68,54.29,"2311405","Mai"
"QUIXERAMOBIM - CE","QUIXERAMOBIM "," CE",-5.17305554,-39.28722221,4,62.12,59.23,65.64,"2311405","Abr"
"QUIXERAMOBIM - CE","QUIXERAMOBIM "," CE",-5.17305554,-39.28722221,3,65.78,63.16,69.82,"2311405","Mar"
"QUIXERAMOBIM - CE","QUIXERAMOBIM "," CE",-5.17305554,-39.28722221,2,60.39,58.38,64.73,"2311405","Fev"
"QUIXERAMOBIM - CE","QUIXERAMOBIM "," CE",-5.17305554,-39.28722221,1,48.16,46.8,51.55,"2311405","Jan"
"REMANSO - BA","REMANSO "," BA",-9.62583332,-42.07722221,12,68.11,64.68,71.57,"2926004","Dez"
"REMANSO - BA","REMANSO "," BA",-9.62583332,-42.07722221,11,55.91,53.48,58.93,"2926004","Nov"
"REMANSO - BA","REMANSO "," BA",-9.62583332,-42.07722221,10,40.82,39.32,43.07,"2926004","Out"
"REMANSO - BA","REMANSO "," BA",-9.62583332,-42.07722221,9,28.36,27.51,30.72,"2926004","Set"
"REMANSO - BA","REMANSO "," BA",-9.62583332,-42.07722221,8,19.39,18.58,21.32,"2926004","Ago"
"REMANSO - BA","REMANSO "," BA",-9.62583332,-42.07722221,7,14.08,12.71,15.5,"2926004","Jul"
"REMANSO - BA","REMANSO "," BA",-9.62583332,-42.07722221,6,14.56,12.81,15.69,"2926004","Jun"
"REMANSO - BA","REMANSO "," BA",-9.62583332,-42.07722221,5,22.62,20.88,23.98,"2926004","Mai"
"REMANSO - BA","REMANSO "," BA",-9.62583332,-42.07722221,4,36.68,34.61,38.81,"2926004","Abr"
"REMANSO - BA","REMANSO "," BA",-9.62583332,-42.07722221,3,52.98,50.36,55.9,"2926004","Mar"
"REMANSO - BA","REMANSO "," BA",-9.62583332,-42.07722221,2,66.09,62.98,69.84,"2926004","Fev"
"REMANSO - BA","REMANSO "," BA",-9.62583332,-42.07722221,1,71.95,68.36,75.63,"2926004","Jan"
"SALVADOR - BA","SALVADOR "," BA",-13.00583333,-38.50583333,12,70.73,62.39,79.37,"2927408","Dez"
"SALVADOR - BA","SALVADOR "," BA",-13.00583333,-38.50583333,11,62.51,55.8,70.98,"2927408","Nov"
"SALVADOR - BA","SALVADOR "," BA",-13.00583333,-38.50583333,10,57.58,51.22,66.72,"2927408","Out"
"SALVADOR - BA","SALVADOR "," BA",-13.00583333,-38.50583333,9,58.34,51.44,68.82,"2927408","Set"
"SALVADOR - BA","SALVADOR "," BA",-13.00583333,-38.50583333,8,65.87,57.93,75.78,"2927408","Ago"
"SALVADOR - BA","SALVADOR "," BA",-13.00583333,-38.50583333,7,78.37,69.39,86.02,"2927408","Jul"
"SALVADOR - BA","SALVADOR "," BA",-13.00583333,-38.50583333,6,91.95,83.66,98.98,"2927408","Jun"
"SALVADOR - BA","SALVADOR "," BA",-13.00583333,-38.50583333,5,102.38,94.62,109.1,"2927408","Mai"
"SALVADOR - BA","SALVADOR "," BA",-13.00583333,-38.50583333,4,106.11,98.72,111.92,"2927408","Abr"
"SALVADOR - BA","SALVADOR "," BA",-13.00583333,-38.50583333,3,101.67,94.17,108.93,"2927408","Mar"
"SALVADOR - BA","SALVADOR "," BA",-13.00583333,-38.50583333,2,91.76,83.24,100.07,"2927408","Fev"
"SALVADOR - BA","SALVADOR "," BA",-13.00583333,-38.50583333,1,80.57,71.46,89.62,"2927408","Jan"
"SANTA RITA DE CASSIA - BA","SANTA RITA DE CASSIA "," BA",-11.00277777,-44.52499999,12,88.74,85.7,94.93,"2928406","Dez"
"SANTA RITA DE CASSIA - BA","SANTA RITA DE CASSIA "," BA",-11.00277777,-44.52499999,11,76.11,72.95,81.39,"2928406","Nov"
"SANTA RITA DE CASSIA - BA","SANTA RITA DE CASSIA "," BA",-11.00277777,-44.52499999,10,56.92,54.39,60.39,"2928406","Out"
"SANTA RITA DE CASSIA - BA","SANTA RITA DE CASSIA "," BA",-11.00277777,-44.52499999,9,39.13,37.22,41.5,"2928406","Set"
"SANTA RITA DE CASSIA - BA","SANTA RITA DE CASSIA "," BA",-11.00277777,-44.52499999,8,26.29,24.52,28.24,"2928406","Ago"
"SANTA RITA DE CASSIA - BA","SANTA RITA DE CASSIA "," BA",-11.00277777,-44.52499999,7,18.13,16.58,19.75,"2928406","Jul"
"SANTA RITA DE CASSIA - BA","SANTA RITA DE CASSIA "," BA",-11.00277777,-44.52499999,6,17.17,15.48,19.11,"2928406","Jun"
"SANTA RITA DE CASSIA - BA","SANTA RITA DE CASSIA "," BA",-11.00277777,-44.52499999,5,25.54,22.89,27.45,"2928406","Mai"
"SANTA RITA DE CASSIA - BA","SANTA RITA DE CASSIA "," BA",-11.00277777,-44.52499999,4,42.16,38.51,45.18,"2928406","Abr"
"SANTA RITA DE CASSIA - BA","SANTA RITA DE CASSIA "," BA",-11.00277777,-44.52499999,3,62.46,58.3,66.25,"2928406","Mar"
"SANTA RITA DE CASSIA - BA","SANTA RITA DE CASSIA "," BA",-11.00277777,-44.52499999,2,80.26,76.35,85.43,"2928406","Fev"
"SANTA RITA DE CASSIA - BA","SANTA RITA DE CASSIA "," BA",-11.00277777,-44.52499999,1,90.15,86.75,96.43,"2928406","Jan"
"SAO JOAO DO PIAUI - PI","SAO JOAO DO PIAUI "," PI",-8.365,-42.25027777,12,51.96,49.51,55.63,"2210003","Dez"
"SAO JOAO DO PIAUI - PI","SAO JOAO DO PIAUI "," PI",-8.365,-42.25027777,11,36.44,33.96,38.7,"2210003","Nov"
"SAO JOAO DO PIAUI - PI","SAO JOAO DO PIAUI "," PI",-8.365,-42.25027777,10,22.79,21.12,24.7,"2210003","Out"
"SAO JOAO DO PIAUI - PI","SAO JOAO DO PIAUI "," PI",-8.365,-42.25027777,9,15.2,14.28,16.9,"2210003","Set"
"SAO JOAO DO PIAUI - PI","SAO JOAO DO PIAUI "," PI",-8.365,-42.25027777,8,15.18,14.42,16.61,"2210003","Ago"
"SAO JOAO DO PIAUI - PI","SAO JOAO DO PIAUI "," PI",-8.365,-42.25027777,7,21.18,19.68,23.3,"2210003","Jul"
"SAO JOAO DO PIAUI - PI","SAO JOAO DO PIAUI "," PI",-8.365,-42.25027777,6,31.6,29.38,33.4,"2210003","Jun"
"SAO JOAO DO PIAUI - PI","SAO JOAO DO PIAUI "," PI",-8.365,-42.25027777,5,45.2,42.77,46.97,"2210003","Mai"
"SAO JOAO DO PIAUI - PI","SAO JOAO DO PIAUI "," PI",-8.365,-42.25027777,4,60.21,56.14,62.43,"2210003","Abr"
"SAO JOAO DO PIAUI - PI","SAO JOAO DO PIAUI "," PI",-8.365,-42.25027777,3,70.93,65.2,73.56,"2210003","Mar"
"SAO JOAO DO PIAUI - PI","SAO JOAO DO PIAUI "," PI",-8.365,-42.25027777,2,73.29,67.2,76.25,"2210003","Fev"
"SAO JOAO DO PIAUI - PI","SAO JOAO DO PIAUI "," PI",-8.365,-42.25027777,1,66.27,61.44,69.66,"2210003","Jan"
"SAO LUIS - MA","SAO LUIS "," MA",-2.52666666,-44.21361111,12,93.27,87.08,96.1,"2111300","Dez"
"SAO LUIS - MA","SAO LUIS "," MA",-2.52666666,-44.21361111,11,66.62,62.86,69.12,"2111300","Nov"
"SAO LUIS - MA","SAO LUIS "," MA",-2.52666666,-44.21361111,10,47.2,44.47,48.72,"2111300","Out"
"SAO LUIS - MA","SAO LUIS "," MA",-2.52666666,-44.21361111,9,35.62,33.3,37.1,"2111300","Set"
"SAO LUIS - MA","SAO LUIS "," MA",-2.52666666,-44.21361111,8,33.97,31.58,37.05,"2111300","Ago"
"SAO LUIS - MA","SAO LUIS "," MA",-2.52666666,-44.21361111,7,46.04,41.57,50.21,"2111300","Jul"
"SAO LUIS - MA","SAO LUIS "," MA",-2.52666666,-44.21361111,6,69.9,63.28,75.09,"2111300","Jun"
"SAO LUIS - MA","SAO LUIS "," MA",-2.52666666,-44.21361111,5,99.43,91.29,105.98,"2111300","Mai"
"SAO LUIS - MA","SAO LUIS "," MA",-2.52666666,-44.21361111,4,126.01,116.64,133.19,"2111300","Abr"
"SAO LUIS - MA","SAO LUIS "," MA",-2.52666666,-44.21361111,3,140.83,131.06,148.26,"2111300","Mar"
"SAO LUIS - MA","SAO LUIS "," MA",-2.52666666,-44.21361111,2,139.31,129.68,145.13,"2111300","Fev"
"SAO LUIS - MA","SAO LUIS "," MA",-2.52666666,-44.21361111,1,120.86,112.59,125.07,"2111300","Jan"
"SERRINHA - BA","SERRINHA "," BA",-11.66805554,-39.00194444,12,45.79,41.1,50.11,"2930501","Dez"
"SERRINHA - BA","SERRINHA "," BA",-11.66805554,-39.00194444,11,41.13,36.82,44.18,"2930501","Nov"
"SERRINHA - BA","SERRINHA "," BA",-11.66805554,-39.00194444,10,36.26,32.97,39.33,"2930501","Out"
"SERRINHA - BA","SERRINHA "," BA",-11.66805554,-39.00194444,9,32.71,30.83,36.56,"2930501","Set"
"SERRINHA - BA","SERRINHA "," BA",-11.66805554,-39.00194444,8,31.14,29.22,35.22,"2930501","Ago"
"SERRINHA - BA","SERRINHA "," BA",-11.66805554,-39.00194444,7,30.72,29.11,35.5,"2930501","Jul"
"SERRINHA - BA","SERRINHA "," BA",-11.66805554,-39.00194444,6,32.71,31.12,38.12,"2930501","Jun"
"SERRINHA - BA","SERRINHA "," BA",-11.66805554,-39.00194444,5,36.9,34.53,42.18,"2930501","Mai"
"SERRINHA - BA","SERRINHA "," BA",-11.66805554,-39.00194444,4,42.3,39.03,47.08,"2930501","Abr"
"SERRINHA - BA","SERRINHA "," BA",-11.66805554,-39.00194444,3,46.9,43.21,51.22,"2930501","Mar"
"SERRINHA - BA","SERRINHA "," BA",-11.66805554,-39.00194444,2,48.99,45.02,54.08,"2930501","Fev"
"SERRINHA - BA","SERRINHA "," BA",-11.66805554,-39.00194444,1,48.56,44.3,54.12,"2930501","Jan"
"SOUSA - PB","SOUSA "," PB",-6.83583333,-38.31166666,12,42.54,37.83,45.95,"2516201","Dez"
"SOUSA - PB","SOUSA "," PB",-6.83583333,-38.31166666,11,29.42,24.9,32.41,"2516201","Nov"
"SOUSA - PB","SOUSA "," PB",-6.83583333,-38.31166666,10,26.64,22.05,29.39,"2516201","Out"
"SOUSA - PB","SOUSA "," PB",-6.83583333,-38.31166666,9,33.08,28.56,36.41,"2516201","Set"
"SOUSA - PB","SOUSA "," PB",-6.83583333,-38.31166666,8,45.65,39.87,49.64,"2516201","Ago"
"SOUSA - PB","SOUSA "," PB",-6.83583333,-38.31166666,7,61.8,55.28,66.39,"2516201","Jul"
"SOUSA - PB","SOUSA "," PB",-6.83583333,-38.31166666,6,79.72,73,85.34,"2516201","Jun"
"SOUSA - PB","SOUSA "," PB",-6.83583333,-38.31166666,5,95.13,88.62,101.84,"2516201","Mai"
"SOUSA - PB","SOUSA "," PB",-6.83583333,-38.31166666,4,102.89,96.32,109.7,"2516201","Abr"
"SOUSA - PB","SOUSA "," PB",-6.83583333,-38.31166666,3,98.48,92.42,104.7,"2516201","Mar"
"SOUSA - PB","SOUSA "," PB",-6.83583333,-38.31166666,2,83.01,78.12,88.11,"2516201","Fev"
"SOUSA - PB","SOUSA "," PB",-6.83583333,-38.31166666,1,62.35,56.97,66.83,"2516201","Jan"
"SURUBIM - PE","SURUBIM "," PE",-7.839628,-35.801056,12,22.91,21.26,24.12,"2614501","Dez"
"SURUBIM - PE","SURUBIM "," PE",-7.839628,-35.801056,11,20.14,18.52,21.81,"2614501","Nov"
"SURUBIM - PE","SURUBIM "," PE",-7.839628,-35.801056,10,20.79,19.45,22.7,"2614501","Out"
"SURUBIM - PE","SURUBIM "," PE",-7.839628,-35.801056,9,24.89,23.83,26.43,"2614501","Set"
"SURUBIM - PE","SURUBIM "," PE",-7.839628,-35.801056,8,31.19,29.79,31.89,"2614501","Ago"
"SURUBIM - PE","SURUBIM "," PE",-7.839628,-35.801056,7,37.44,35.39,38.74,"2614501","Jul"
"SURUBIM - PE","SURUBIM "," PE",-7.839628,-35.801056,6,42.08,39.77,44.15,"2614501","Jun"
"SURUBIM - PE","SURUBIM "," PE",-7.839628,-35.801056,5,44.32,41.15,46.38,"2614501","Mai"
"SURUBIM - PE","SURUBIM "," PE",-7.839628,-35.801056,4,43.33,40.09,45.23,"2614501","Abr"
"SURUBIM - PE","SURUBIM "," PE",-7.839628,-35.801056,3,39.7,36.93,41.12,"2614501","Mar"
"SURUBIM - PE","SURUBIM "," PE",-7.839628,-35.801056,2,33.78,32.12,34.94,"2614501","Fev"
"SURUBIM - PE","SURUBIM "," PE",-7.839628,-35.801056,1,27.72,26.47,29.04,"2614501","Jan"
"TAUA - CE","TAUA "," CE",-6.00638888,-40.29972221,12,50.14,44.67,54.26,"2313302","Dez"
"TAUA - CE","TAUA "," CE",-6.00638888,-40.29972221,11,37.92,34.54,40.73,"2313302","Nov"
"TAUA - CE","TAUA "," CE",-6.00638888,-40.29972221,10,27.21,25.36,29.29,"2313302","Out"
"TAUA - CE","TAUA "," CE",-6.00638888,-40.29972221,9,19.05,17.99,20.62,"2313302","Set"
"TAUA - CE","TAUA "," CE",-6.00638888,-40.29972221,8,13.78,12.38,14.67,"2313302","Ago"
"TAUA - CE","TAUA "," CE",-6.00638888,-40.29972221,7,13.18,11.37,14.3,"2313302","Jul"
"TAUA - CE","TAUA "," CE",-6.00638888,-40.29972221,6,18.74,17.22,20.26,"2313302","Jun"
"TAUA - CE","TAUA "," CE",-6.00638888,-40.29972221,5,29.88,27.86,32.48,"2313302","Mai"
"TAUA - CE","TAUA "," CE",-6.00638888,-40.29972221,4,43.13,40.38,47.09,"2313302","Abr"
"TAUA - CE","TAUA "," CE",-6.00638888,-40.29972221,3,55.41,50.22,59.41,"2313302","Mar"
"TAUA - CE","TAUA "," CE",-6.00638888,-40.29972221,2,61.19,54.84,66,"2313302","Fev"
"TAUA - CE","TAUA "," CE",-6.00638888,-40.29972221,1,59.34,52.57,63.97,"2313302","Jan"
"TERESINA - PI","TERESINA "," PI",-5.03472221,-42.80138888,12,93.53,88.67,103.99,"2211001","Dez"
"TERESINA - PI","TERESINA "," PI",-5.03472221,-42.80138888,11,72.53,69.03,80.22,"2211001","Nov"
"TERESINA - PI","TERESINA "," PI",-5.03472221,-42.80138888,10,52.84,50.3,57.06,"2211001","Out"
"TERESINA - PI","TERESINA "," PI",-5.03472221,-42.80138888,9,36.89,35.28,39.57,"2211001","Set"
"TERESINA - PI","TERESINA "," PI",-5.03472221,-42.80138888,8,25.36,23.67,27.22,"2211001","Ago"
"TERESINA - PI","TERESINA "," PI",-5.03472221,-42.80138888,7,21.69,19.09,23.99,"2211001","Jul"
"TERESINA - PI","TERESINA "," PI",-5.03472221,-42.80138888,6,29.54,26,32.67,"2211001","Jun"
"TERESINA - PI","TERESINA "," PI",-5.03472221,-42.80138888,5,47.95,44.07,51.82,"2211001","Mai"
"TERESINA - PI","TERESINA "," PI",-5.03472221,-42.80138888,4,72.32,66.85,77.17,"2211001","Abr"
"TERESINA - PI","TERESINA "," PI",-5.03472221,-42.80138888,3,95.2,87.36,102.43,"2211001","Mar"
"TERESINA - PI","TERESINA "," PI",-5.03472221,-42.80138888,2,108.82,100.45,118.72,"2211001","Fev"
"TERESINA - PI","TERESINA "," PI",-5.03472221,-42.80138888,1,108.16,100.84,119.12,"2211001","Jan"
"TURIACU - MA","TURIACU "," MA",-1.66138888,-45.37194443,12,45.78,42.49,49.71,"2112407","Dez"
"TURIACU - MA","TURIACU "," MA",-1.66138888,-45.37194443,11,30.04,26.14,33.86,"2112407","Nov"
"TURIACU - MA","TURIACU "," MA",-1.66138888,-45.37194443,10,25.53,21.8,28.68,"2112407","Out"
"TURIACU - MA","TURIACU "," MA",-1.66138888,-45.37194443,9,33.07,30.43,35.99,"2112407","Set"
"TURIACU - MA","TURIACU "," MA",-1.66138888,-45.37194443,8,49.97,47.52,53.27,"2112407","Ago"
"TURIACU - MA","TURIACU "," MA",-1.66138888,-45.37194443,7,72.28,67.91,76.59,"2112407","Jul"
"TURIACU - MA","TURIACU "," MA",-1.66138888,-45.37194443,6,94.53,88.11,99.79,"2112407","Jun"
"TURIACU - MA","TURIACU "," MA",-1.66138888,-45.37194443,5,111.4,103.15,116.83,"2112407","Mai"
"TURIACU - MA","TURIACU "," MA",-1.66138888,-45.37194443,4,117.66,108.9,123.3,"2112407","Abr"
"TURIACU - MA","TURIACU "," MA",-1.66138888,-45.37194443,3,110.87,103.17,117.29,"2112407","Mar"
"TURIACU - MA","TURIACU "," MA",-1.66138888,-45.37194443,2,92.89,87.4,99.32,"2112407","Fev"
"TURIACU - MA","TURIACU "," MA",-1.66138888,-45.37194443,1,68.83,64.56,74.45,"2112407","Jan"
"VITORIA DA CONQUISTA - BA","VITORIA DA CONQUISTA "," BA",-14.88638888,-40.80138888,12,63.64,58.23,68.65,"2933307","Dez"
"VITORIA DA CONQUISTA - BA","VITORIA DA CONQUISTA "," BA",-14.88638888,-40.80138888,11,52.11,47.36,56.78,"2933307","Nov"
"VITORIA DA CONQUISTA - BA","VITORIA DA CONQUISTA "," BA",-14.88638888,-40.80138888,10,38.52,35.06,42.07,"2933307","Out"
"VITORIA DA CONQUISTA - BA","VITORIA DA CONQUISTA "," BA",-14.88638888,-40.80138888,9,26.95,24.8,29.54,"2933307","Set"
"VITORIA DA CONQUISTA - BA","VITORIA DA CONQUISTA "," BA",-14.88638888,-40.80138888,8,20.48,18.69,22.37,"2933307","Ago"
"VITORIA DA CONQUISTA - BA","VITORIA DA CONQUISTA "," BA",-14.88638888,-40.80138888,7,20.53,19.18,21.99,"2933307","Jul"
"VITORIA DA CONQUISTA - BA","VITORIA DA CONQUISTA "," BA",-14.88638888,-40.80138888,6,25.73,24.6,26.65,"2933307","Jun"
"VITORIA DA CONQUISTA - BA","VITORIA DA CONQUISTA "," BA",-14.88638888,-40.80138888,5,34.05,33,35.33,"2933307","Mai"
"VITORIA DA CONQUISTA - BA","VITORIA DA CONQUISTA "," BA",-14.88638888,-40.80138888,4,44.97,42.84,47.31,"2933307","Abr"
"VITORIA DA CONQUISTA - BA","VITORIA DA CONQUISTA "," BA",-14.88638888,-40.80138888,3,57.24,54.05,60.86,"2933307","Mar"
"VITORIA DA CONQUISTA - BA","VITORIA DA CONQUISTA "," BA",-14.88638888,-40.80138888,2,66.66,62.32,71.2,"2933307","Fev"
"VITORIA DA CONQUISTA - BA","VITORIA DA CONQUISTA "," BA",-14.88638888,-40.80138888,1,69.17,64.01,74.07,"2933307","Jan"
"ZE DOCA - MA","ZE DOCA "," MA",-3.269212,-45.651007,12,57.3,54,62.6,"2114007","Dez"
"ZE DOCA - MA","ZE DOCA "," MA",-3.269212,-45.651007,11,40.01,36.84,44.04,"2114007","Nov"
"ZE DOCA - MA","ZE DOCA "," MA",-3.269212,-45.651007,10,32.87,30.46,36.49,"2114007","Out"
"ZE DOCA - MA","ZE DOCA "," MA",-3.269212,-45.651007,9,36.61,33.57,40.19,"2114007","Set"
"ZE DOCA - MA","ZE DOCA "," MA",-3.269212,-45.651007,8,48.84,44.52,51.19,"2114007","Ago"
"ZE DOCA - MA","ZE DOCA "," MA",-3.269212,-45.651007,7,66.13,62.05,68.16,"2114007","Jul"
"ZE DOCA - MA","ZE DOCA "," MA",-3.269212,-45.651007,6,86.55,83.1,89.42,"2114007","Jun"
"ZE DOCA - MA","ZE DOCA "," MA",-3.269212,-45.651007,5,106.54,102.58,110.14,"2114007","Mai"
"ZE DOCA - MA","ZE DOCA "," MA",-3.269212,-45.651007,4,118.35,113.67,122.97,"2114007","Abr"
"ZE DOCA - MA","ZE DOCA "," MA",-3.269212,-45.651007,3,117.1,112,122.6,"2114007","Mar"
"ZE DOCA - MA","ZE DOCA "," MA",-3.269212,-45.651007,2,103.18,98.05,109.15,"2114007","Fev"
"ZE DOCA - MA","ZE DOCA "," MA",-3.269212,-45.651007,1,80.65,76.28,87.06,"2114007","Jan"
